-- default museum collections
INSERT INTO musark_auth.museum_collection VALUES ('2e4f2455-1b3b-4a04-80a1-ba92715ff613', 'Arkeologi', '[1]');
INSERT INTO musark_auth.museum_collection VALUES ('88b35138-24b5-4e62-bae4-de80fae7df82', 'Etnografi', '[2]');
INSERT INTO musark_auth.museum_collection VALUES ('8bbdf9b3-56d1-479a-9509-2ea82842e8f8', 'Numismatikk', '[3]');
INSERT INTO musark_auth.museum_collection VALUES ('fcb4c598-8b05-4095-ac00-ce66247be38a', 'Lav', '[4]');
INSERT INTO musark_auth.museum_collection VALUES ('d0dd5ad3-c22f-4ea0-8b52-dc5b0e17aa24', 'Mose', '[5]');
INSERT INTO musark_auth.museum_collection VALUES ('23ca0166-5f9e-44c2-ab0d-b4cdd704af07', 'Sopp', '[6]');
INSERT INTO musark_auth.museum_collection VALUES ('1d8dd4e6-1527-439c-ac86-fc315e0ce852', 'Alger', '[7]');
INSERT INTO musark_auth.museum_collection VALUES ('7352794d-4973-447b-b84e-2635cafe910a', 'Karplanter', '[8]');
INSERT INTO musark_auth.museum_collection VALUES ('ba3d4d30-810b-4c07-81b3-37751f2196f0', 'Entomologi', '[9]');
INSERT INTO musark_auth.museum_collection VALUES ('ef4dc066-b6f8-4155-89f8-7aa9aeeb2dc4', 'Marine evertebrater', '[10]');

-- super user auth groups
INSERT INTO musark_auth.auth_group VALUES ('c0f20097-e803-4d1f-9d86-7b36bcfaec19', 'GodAccess'  , 0, 10000, 10000, 'Full blown administrator with access to all functionality in StorageFacility');
INSERT INTO musark_auth.auth_group VALUES ('869cc344-5515-49c0-a7a5-79e371f4e64b', 'TestDBAdmin', 0, 40   , 99   , 'Application administrator with access to manage users for the Test museum');
INSERT INTO musark_auth.auth_group VALUES ('02c89679-a7d9-4d6d-8544-5bf6ede8c999', 'AmDBAdmin'  , 0, 40   , 1    , 'Application administrator with access to manage users for the AM museum');
INSERT INTO musark_auth.auth_group VALUES ('835769c9-aa45-4d7a-a86a-47b06be23c51', 'UmDBAdmin'  , 0, 40   , 2    , 'Application administrator with access to manage users for the UM museum');
INSERT INTO musark_auth.auth_group VALUES ('1dc22afb-53b9-4d47-8070-fbf3179b2b97', 'KhmDBAdmin' , 0, 40   , 3    , 'Application administrator with access to manage users for the KHM museum');
INSERT INTO musark_auth.auth_group VALUES ('b61e3ea7-7916-48fc-b39d-c5b2c9edf698', 'NhmDBAdmin' , 0, 40   , 4    , 'Application administrator with access to manage users for the NHM museum');
INSERT INTO musark_auth.auth_group VALUES ('35f29646-988a-477b-ae0e-aec68f18aafd', 'VmDBAdmin'  , 0, 40   , 5    , 'Application administrator with access to manage users for the VM museum');
INSERT INTO musark_auth.auth_group VALUES ('91860af8-dded-4b08-988c-d04f7e76baee', 'TmuDBAdmin' , 0, 40   , 6    , 'Application administrator with access to manage users for the TMU museum');
INSERT INTO musark_auth.auth_group VALUES ('149a3520-d64e-40f9-a3e7-70e130714b45', 'KmnDBAdmin' , 0, 40   , 7    , 'Application administrator with access to manage users for the KMN museum');
-- auth groups for storage facility
INSERT INTO musark_auth.auth_group VALUES ('428f6108-f376-47e5-80c2-0e166e75ae42', 'AmSfRead'   , 1, 10, 1 , 'Read access to storage facility for AM');
INSERT INTO musark_auth.auth_group VALUES ('f6a43a29-c0ee-419f-b315-d343629fb9b8', 'AmSfWrite'  , 1, 20, 1 , 'Write access to storage facility for AM');
INSERT INTO musark_auth.auth_group VALUES ('3a3a173e-cf99-4301-9988-78fcd5d3d153', 'AmSfAdmin'  , 1, 30, 1 , 'Admin access to storage facility for AM');
INSERT INTO musark_auth.auth_group VALUES ('b923b5df-54d3-4724-9386-c1273561f1a1', 'UmSfRead'   , 1, 10, 2 , 'Read access to storage facility for UM');
INSERT INTO musark_auth.auth_group VALUES ('6ae158a1-398c-4f05-9992-1e19759e3221', 'UmSfWrite'  , 1, 20, 2 , 'Write access to storage facility for UM');
INSERT INTO musark_auth.auth_group VALUES ('0ccefaff-aee3-4447-98e5-ec29bb9b80b7', 'UmSfAdmin'  , 1, 30, 2 , 'Admin access to storage facility for UM');
INSERT INTO musark_auth.auth_group VALUES ('3ce7692d-2101-45a4-955b-0ca861540cd9', 'KhmSfRead'  , 1, 10, 3 , 'Read access to storage facility for KHM');
INSERT INTO musark_auth.auth_group VALUES ('fd34b019-81e1-47a2-987b-64389d6fce04', 'KhmSfWrite' , 1, 20, 3 , 'Write access to storage facility for KHM');
INSERT INTO musark_auth.auth_group VALUES ('de48b2dd-f25c-4b06-a5d4-7de45780ef2e', 'KhmSfAdmin' , 1, 30, 3 , 'Admin access to storage facility for KHM');
INSERT INTO musark_auth.auth_group VALUES ('92e3b487-c962-43d9-a2ea-b8a7bed1b67a', 'NhmSfRead'  , 1, 10, 4 , 'Read access to storage facility for NHM');
INSERT INTO musark_auth.auth_group VALUES ('f311dd04-89b8-48a4-b4cd-68092f76ebab', 'NhmSfWrite' , 1, 20, 4 , 'Write access to storage facility for NHM');
INSERT INTO musark_auth.auth_group VALUES ('5aa16994-92b3-45df-adfa-7f9fdf54ce34', 'NhmSfAdmin' , 1, 30, 4 , 'Admin access to storage facility for NHM');
INSERT INTO musark_auth.auth_group VALUES ('3eb0b341-6c16-46f7-bd75-b0e12ba6cb8b', 'VmSfRead'   , 1, 10, 5 , 'Read access to storage facility for VM');
INSERT INTO musark_auth.auth_group VALUES ('b4beaefb-d124-4f10-874d-ef59ffa1bb3b', 'VmSfWrite'  , 1, 20, 5 , 'Write access to storage facility for VM');
INSERT INTO musark_auth.auth_group VALUES ('cd9ea5bf-7972-45c2-a0fd-b7e75fc2e5db', 'VmSfAdmin'  , 1, 30, 5 , 'Admin access to storage facility for VM');
INSERT INTO musark_auth.auth_group VALUES ('b08efccf-a4a7-41b0-b208-acc8fc9c9bb4', 'TmuSfRead'  , 1, 10, 6 , 'Read access to storage facility for TMU');
INSERT INTO musark_auth.auth_group VALUES ('4f8204c3-d48f-4a7c-9c79-1136edc337fb', 'TmuSfWrite' , 1, 20, 6 , 'Write access to storage facility for TMU');
INSERT INTO musark_auth.auth_group VALUES ('611202c5-8c69-444d-9b82-6aac5be150e4', 'TmuSfAdmin' , 1, 30, 6 , 'Admin access to storage facility for TMU');
INSERT INTO musark_auth.auth_group VALUES ('b1bd705b-a6b4-48ee-b517-f1c7be1bb015', 'KmnSfRead'  , 1, 10, 7 , 'Read access to storage facility for KMN');
INSERT INTO musark_auth.auth_group VALUES ('c875ae85-7a01-4594-8e3e-7e4fbc792489', 'KmnSfWrite' , 1, 20, 7 , 'Write access to storage facility for KMN');
INSERT INTO musark_auth.auth_group VALUES ('53a87b63-4628-482a-b28c-40689129b962', 'KmnSfAdmin' , 1, 30, 7 , 'Admin access to storage facility for KMN');
INSERT INTO musark_auth.auth_group VALUES ('2d503a2e-2211-45dd-a99f-fe1a38b5f2a2', 'TestSfRead' , 1, 10, 99, 'Read access to storage facility for TEST');
INSERT INTO musark_auth.auth_group VALUES ('c81c314c-0675-4cd1-8956-c96a7163825b', 'TestSfWrite', 1, 20, 99, 'Write access to storage facility for TEST');
INSERT INTO musark_auth.auth_group VALUES ('bc4b4d44-9470-4622-8e29-03f0bfaf5149', 'TestSfAdmin', 1, 30, 99, 'Admin access to storage facility for TEST');
-- auth groups for collection management
INSERT INTO musark_auth.auth_group VALUES ('b328dc06-39e3-4fca-aa24-0823048f553a', 'AmCmRead'   , 2, 10, 1 , 'Read access to collection management for AM');
INSERT INTO musark_auth.auth_group VALUES ('424a4eec-4fa8-48bf-8494-c57e1365a2e0', 'AmCmWrite'  , 2, 20, 1 , 'Write access to collection management for AM');
INSERT INTO musark_auth.auth_group VALUES ('dfbf0c44-6dba-48d4-ab3f-08af5a2535a4', 'AmCmAdmin'  , 2, 30, 1 , 'Admin access to collection management for AM');
INSERT INTO musark_auth.auth_group VALUES ('d08c2459-620d-466d-9558-d4bba8ddc60b', 'UmCmRead'   , 2, 10, 2 , 'Read access to collection management for UM');
INSERT INTO musark_auth.auth_group VALUES ('3a87d19f-3b65-423e-8493-d0db825cef33', 'UmCmWrite'  , 2, 20, 2 , 'Write access to collection management for UM');
INSERT INTO musark_auth.auth_group VALUES ('4c11bc1a-37c5-41fe-b00c-01963de1774a', 'UmCmAdmin'  , 2, 30, 2 , 'Admin access to collection management for UM');
INSERT INTO musark_auth.auth_group VALUES ('77b5d898-5095-4652-9cee-855537d487a4', 'KhmCmRead'  , 2, 10, 3 , 'Read access to collection management for KHM');
INSERT INTO musark_auth.auth_group VALUES ('ef083a59-5630-48ea-858a-58e7559c8bd1', 'KhmCmWrite' , 2, 20, 3 , 'Write access to collection management for KHM');
INSERT INTO musark_auth.auth_group VALUES ('671cb451-ce43-4d47-8153-b509d3c31ab8', 'KhmCmAdmin' , 2, 30, 3 , 'Admin access to collection management for KHM');
INSERT INTO musark_auth.auth_group VALUES ('6acd3954-27c3-450a-bebe-ffcfd783e05c', 'NhmCmRead'  , 2, 10, 4 , 'Read access to collection management for NHM');
INSERT INTO musark_auth.auth_group VALUES ('56d81225-3e50-43f1-967f-d12139aab5eb', 'NhmCmWrite' , 2, 20, 4 , 'Write access to collection management for NHM');
INSERT INTO musark_auth.auth_group VALUES ('dce23002-3dbc-4de8-97f9-ee83eee04d16', 'NhmCmAdmin' , 2, 30, 4 , 'Admin access to collection management for NHM');
INSERT INTO musark_auth.auth_group VALUES ('3687ee49-2310-43d5-879e-c18fdcb32064', 'VmCmRead'   , 2, 10, 5 , 'Read access to collection management for VM');
INSERT INTO musark_auth.auth_group VALUES ('4072d3e3-b2a9-4768-a166-3ffd7a94b3d9', 'VmCmWrite'  , 2, 20, 5 , 'Write access to collection management for VM');
INSERT INTO musark_auth.auth_group VALUES ('1a988329-fb84-4ef9-8f68-869e1a22b511', 'VmCmAdmin'  , 2, 30, 5 , 'Admin access to collection management for VM');
INSERT INTO musark_auth.auth_group VALUES ('83d1ea09-d1c8-41bb-a27a-8ce2557bd750', 'TmuCmRead'  , 2, 10, 6 , 'Read access to collection management for TMU');
INSERT INTO musark_auth.auth_group VALUES ('2b35094e-3906-403c-bd8f-8893e641c361', 'TmuCmWrite' , 2, 20, 6 , 'Write access to collection management for TMU');
INSERT INTO musark_auth.auth_group VALUES ('f7fc0cb3-dfe3-41af-943b-32ca0445bcbb', 'TmuCmAdmin' , 2, 30, 6 , 'Admin access to collection management for TMU');
INSERT INTO musark_auth.auth_group VALUES ('f1cfa782-f682-499b-8102-0b0bec07ce23', 'KmnCmRead'  , 2, 10, 7 , 'Read access to collection management for KMN');
INSERT INTO musark_auth.auth_group VALUES ('dd90adb3-b5e9-4652-87d4-ce1b18c2451b', 'KmnCmWrite' , 2, 20, 7 , 'Write access to collection management for KMN');
INSERT INTO musark_auth.auth_group VALUES ('7c2bad5e-0de3-4709-ace4-dec6c4c7a02a', 'KmnCmAdmin' , 2, 30, 7 , 'Admin access to collection management for KMN');
INSERT INTO musark_auth.auth_group VALUES ('86f5ba4f-2e5b-4471-b3b5-be5d68817772', 'TestCmRead' , 2, 10, 99, 'Read access to collection management for TEST');
INSERT INTO musark_auth.auth_group VALUES ('8bfd2765-58f2-4f5b-b15a-dbba862bcff7', 'TestCmWrite', 2, 20, 99, 'Write access to collection management for TEST');
INSERT INTO musark_auth.auth_group VALUES ('aa66d5e8-e102-464f-ad41-900b2cf99489', 'TestCmAdmin', 2, 30, 99, 'Admin access to scollection management for TEST');


-- auth groups for document module
INSERT INTO musark_auth.auth_group VALUES ('73367f36-0e9a-4ef9-8164-886bd582adc9', 'AmDmRead'   , 3, 10, 1 , 'Read access to document module for AM');
INSERT INTO musark_auth.auth_group VALUES ('58f4c712-a66b-460e-a70f-333d465c4349', 'AmDmWrite'  , 3, 20, 1 , 'Write access to document module for AM');
INSERT INTO musark_auth.auth_group VALUES ('18d1bf6f-afc6-4d62-a55a-7736d86d5abf', 'AmDmAdmin'  , 3, 30, 1 , 'Admin access to document module for AM');
INSERT INTO musark_auth.auth_group VALUES ('52185e0d-8876-4342-9329-084f3bb01216', 'UmDmRead'   , 3, 10, 2 , 'Read access to document module for UM');
INSERT INTO musark_auth.auth_group VALUES ('9c0b963f-4ea1-4814-9369-a0f71816873b', 'UmDmWrite'  , 3, 20, 2 , 'Write access to document module for UM');
INSERT INTO musark_auth.auth_group VALUES ('0ce4e5c3-53ef-4bcc-a388-1a5710967966', 'UmDmAdmin'  , 3, 30, 2 , 'Admin access to document module for UM');
INSERT INTO musark_auth.auth_group VALUES ('a9fa1ab7-ab62-44f3-aa3b-91470e2123f1', 'KhmDmRead'  , 3, 10, 3 , 'Read access to document module for KHM');
INSERT INTO musark_auth.auth_group VALUES ('918f161e-2d1d-431d-b903-8d315f70165a', 'KhmDmWrite' , 3, 20, 3 , 'Write access to document module for KHM');
INSERT INTO musark_auth.auth_group VALUES ('d06d9c74-85ce-4b18-b15c-6395cbc5a874', 'KhmDmAdmin' , 3, 30, 3 , 'Admin access to document module for KHM');
INSERT INTO musark_auth.auth_group VALUES ('22c93f16-fae2-4b93-a574-5b40fbeea4f3', 'NhmDmRead'  , 3, 10, 4 , 'Read access to document module for NHM');
INSERT INTO musark_auth.auth_group VALUES ('d4ea5037-a8d0-45f6-b15e-534f702f507f', 'NhmDmWrite' , 3, 20, 4 , 'Write access to document module for NHM');
INSERT INTO musark_auth.auth_group VALUES ('716adceb-6b54-4f8e-887d-f7612c347614', 'NhmDmAdmin' , 3, 30, 4 , 'Admin access to document module for NHM');
INSERT INTO musark_auth.auth_group VALUES ('f8a2a480-afdf-426e-a9b7-7d4fc2944a3f', 'VmDmRead'   , 3, 10, 5 , 'Read access to document module for VM');
INSERT INTO musark_auth.auth_group VALUES ('c166094d-0d54-47f0-a8e3-91348acfe329', 'VmDmWrite'  , 3, 20, 5 , 'Write access to document module for VM');
INSERT INTO musark_auth.auth_group VALUES ('94d2f793-cc2c-4573-b190-b55a06d25836', 'VmDmAdmin'  , 3, 30, 5 , 'Admin access to document module for VM');
INSERT INTO musark_auth.auth_group VALUES ('26ae0cfe-5bb3-4ede-8025-8d3b1e2b0ae3', 'TmuDmRead'  , 3, 10, 6 , 'Read access to document module for TMU');
INSERT INTO musark_auth.auth_group VALUES ('59f07127-da64-4106-b716-3d88a428b15b', 'TmuDmWrite' , 3, 20, 6 , 'Write access to document module for TMU');
INSERT INTO musark_auth.auth_group VALUES ('68381fe7-b6ab-455a-b57e-1e959ecdef00', 'TmuDmAdmin' , 3, 30, 6 , 'Admin access to document module for TMU');
INSERT INTO musark_auth.auth_group VALUES ('62dfb712-7524-4917-86c2-4b7cd7440dd8', 'KmnDmRead'  , 3, 10, 7 , 'Read access to document module for KMN');
INSERT INTO musark_auth.auth_group VALUES ('093b1751-0c18-4426-89ec-1f22baf6f47a', 'KmnDmWrite' , 3, 20, 7 , 'Write access to document module for KMN');
INSERT INTO musark_auth.auth_group VALUES ('bd8d1872-da0d-45aa-af7e-37067b3cac2b', 'KmnDmAdmin' , 3, 30, 7 , 'Admin access to document module for KMN');
INSERT INTO musark_auth.auth_group VALUES ('a5dba794-e2a3-4dab-b5a4-71400c107dda', 'TestDmRead' , 3, 10, 99, 'Read access to document module for TEST');
INSERT INTO musark_auth.auth_group VALUES ('cc823554-b34d-45d3-8e16-03d4a79014e3', 'TestDmWrite', 3, 20, 99, 'Write access to document module for TEST');
INSERT INTO musark_auth.auth_group VALUES ('38907655-4908-4ab6-b4e9-fbee63fb2d34', 'TestDmAdmin', 3, 30, 99, 'Admin access to document module for TEST');


-- event types
INSERT INTO musark_storage.event_type (name) VALUES ('MoveObject');
INSERT INTO musark_storage.event_type (name) VALUES ('MovePlace');
INSERT INTO musark_storage.event_type (name) VALUES ('EnvRequirement');
INSERT INTO musark_storage.event_type (name) VALUES ('Control');
INSERT INTO musark_storage.event_type (name) VALUES ('Observation');
INSERT INTO musark_storage.event_type (name) VALUES ('ControlAlcohol');
INSERT INTO musark_storage.event_type (name) VALUES ('ControlCleaning');
INSERT INTO musark_storage.event_type (name) VALUES ('ControlGas');
INSERT INTO musark_storage.event_type (name) VALUES ('ControlHypoxicAir');
INSERT INTO musark_storage.event_type (name) VALUES ('ControlLightingCondition');
INSERT INTO musark_storage.event_type (name) VALUES ('ControlMold');
INSERT INTO musark_storage.event_type (name) VALUES ('ControlPest');
INSERT INTO musark_storage.event_type (name) VALUES ('ControlRelativeHumidity');
INSERT INTO musark_storage.event_type (name) VALUES ('ControlTemperature');
INSERT INTO musark_storage.event_type (name) VALUES ('ObservationAlcohol');
INSERT INTO musark_storage.event_type (name) VALUES ('ObservationCleaning');
INSERT INTO musark_storage.event_type (name) VALUES ('ObservationFireProtection');
INSERT INTO musark_storage.event_type (name) VALUES ('ObservationGas');
INSERT INTO musark_storage.event_type (name) VALUES ('ObservationHypoxicAir');
INSERT INTO musark_storage.event_type (name) VALUES ('ObservationLightingCondition');
INSERT INTO musark_storage.event_type (name) VALUES ('ObservationMold');
INSERT INTO musark_storage.event_type (name) VALUES ('ObservationPerimeterSecurity');
INSERT INTO musark_storage.event_type (name) VALUES ('ObservationRelativeHumidity');
INSERT INTO musark_storage.event_type (name) VALUES ('ObservationPest');
INSERT INTO musark_storage.event_type (name) VALUES ('ObservationTemperature');
INSERT INTO musark_storage.event_type (name) VALUES ('ObservationTheftProtection');
INSERT INTO musark_storage.event_type (name) VALUES ('ObservationWaterDamageAssessment');

-- event types for analysis
INSERT INTO MUSARK_ANALYSIS.EVENT_TYPE (category, short_name, extra_description_type, extra_description_attributes, extra_result_attributes, no_name, en_name) VALUES (11, 'HPLC', NULL, NULL, NULL, 'Væskekromatografi', 'High performance liquid chromatography');
INSERT INTO MUSARK_ANALYSIS.EVENT_TYPE (category, short_name, extra_description_type, extra_description_attributes, extra_result_attributes, no_name, en_name) VALUES (11, NULL, NULL, NULL, NULL, 'Fargereaksjon', 'Spot test');
INSERT INTO MUSARK_ANALYSIS.EVENT_TYPE (category, short_name, extra_description_type, extra_description_attributes, extra_result_attributes, no_name, en_name) VALUES (11, NULL, NULL, NULL, NULL, 'UV-lys', 'UV-light');
INSERT INTO MUSARK_ANALYSIS.EVENT_TYPE (category, short_name, extra_description_type, extra_description_attributes, extra_result_attributes, no_name, en_name) VALUES (11, 'TLC', NULL, NULL, NULL, 'Tynnsjiktkromatografi', 'Thin Layer Chromotography');
INSERT INTO MUSARK_ANALYSIS.EVENT_TYPE (category, short_name, extra_description_type, extra_description_attributes, extra_result_attributes, no_name, en_name) VALUES (5, NULL, 'MicroscopyAttributes', '{"method":"Int"}', NULL, 'Mikroskopi', 'Microscopy');
INSERT INTO MUSARK_ANALYSIS.EVENT_TYPE (category, short_name, extra_description_type, extra_description_attributes, extra_result_attributes, no_name, en_name) VALUES (5, NULL, NULL, NULL, NULL, 'Røntgenfotografering', 'Radiography');
INSERT INTO MUSARK_ANALYSIS.EVENT_TYPE (category, short_name, extra_description_type, extra_description_attributes, extra_result_attributes, no_name, en_name) VALUES (5, NULL, 'TomographyAttributes', '{"method":"Int"}', NULL, 'Tomografi', 'Tomography');
INSERT INTO MUSARK_ANALYSIS.EVENT_TYPE (category, short_name, extra_description_type, extra_description_attributes, extra_result_attributes, no_name, en_name) VALUES (5, 'UV', NULL, NULL, NULL, 'Ultrafiolett fluorisering', 'Ultraviolet fluorescence');
INSERT INTO MUSARK_ANALYSIS.EVENT_TYPE (category, short_name, extra_description_type, extra_description_attributes, extra_result_type, extra_result_attributes, no_name, en_name) VALUES (3, 'C14', NULL, NULL, 'RadioCarbonResult', '{"ageEstimate":"String","standardDeviation":"String"}', 'Radiokarbondatering', 'Radiocarbon dating');
INSERT INTO MUSARK_ANALYSIS.EVENT_TYPE (category, short_name, extra_description_type, extra_description_attributes, extra_result_type, extra_result_attributes, no_name, en_name) VALUES (3, 'Dendro', NULL, NULL, 'AgeResult', '{"age":"String"}', 'Dendrokronologi', 'Dendrochronology');
INSERT INTO MUSARK_ANALYSIS.EVENT_TYPE (category, short_name, extra_description_type, extra_description_attributes, extra_result_type, extra_result_attributes, no_name, en_name) VALUES (3, 'TL/OSL', NULL, NULL, 'AgeResult', '{"age":"String"}', 'Termoluminesens datering', 'Thermoluminescence/Optical stimulated luminescence');
INSERT INTO MUSARK_ANALYSIS.EVENT_TYPE (category, short_name, extra_description_type, extra_description_attributes, extra_result_attributes, no_name, en_name) VALUES (2, NULL, NULL, NULL, NULL, 'Kolorimetri', 'Colorimetry');
INSERT INTO MUSARK_ANALYSIS.EVENT_TYPE (category, short_name, extra_description_type, extra_description_attributes, extra_result_attributes, no_name, en_name) VALUES (2, NULL, NULL, NULL, NULL, 'Spektrofotometri', 'Spectrophotometry');
INSERT INTO MUSARK_ANALYSIS.EVENT_TYPE (category, short_name, extra_description_type, extra_description_attributes, extra_result_attributes, no_name, en_name) VALUES (4, 'DNA', NULL, NULL, NULL, 'DNA-analyse (kulturhistorisk)', 'DNA analysis (cultural history)');
INSERT INTO MUSARK_ANALYSIS.EVENT_TYPE (category, short_name, extra_description_type, extra_description_attributes, extra_result_attributes, no_name, en_name) VALUES (4, NULL, NULL, NULL, NULL, 'Strekkoding', 'Barcoding');
INSERT INTO MUSARK_ANALYSIS.EVENT_TYPE (category, short_name, extra_description_type, extra_description_attributes, extra_result_type, extra_result_attributes, no_name, en_name) VALUES (4, NULL, 'ExtractionAttributes', '{"extractionType":"String","method":"String"}', 'ExtractionResult', '{"storageMedium":"String","concentration":"Size","volume":"Size"}', 'Ekstraksjon (DNA, RNA, ...)', 'Extraction (DNA, RNA, ..)');
INSERT INTO MUSARK_ANALYSIS.EVENT_TYPE (category, short_name, extra_description_type, extra_description_attributes, extra_result_attributes, no_name, en_name) VALUES (4, NULL, NULL, NULL, NULL, 'Mikrosatellitter', 'Microsatellites');
INSERT INTO MUSARK_ANALYSIS.EVENT_TYPE (category, short_name, extra_description_type, extra_description_attributes, extra_result_attributes, no_name, en_name) VALUES (4, 'NGS', NULL, NULL, NULL, 'NGS-sekvensering', 'NGS sequencing');
INSERT INTO MUSARK_ANALYSIS.EVENT_TYPE (category, short_name, extra_description_type, extra_description_attributes, extra_result_attributes, no_name, en_name) VALUES (4, NULL, NULL, NULL, NULL, 'Sanger-sekvensering', 'Sanger sequensing');
INSERT INTO MUSARK_ANALYSIS.EVENT_TYPE (category, short_name, extra_description_type, extra_description_attributes, extra_result_attributes, no_name, en_name) VALUES (1, 'GC-MS', NULL, NULL, NULL, 'Gasskromatografi-massespektrometri', 'Gas Chromatography - Mass Spectrometry');
INSERT INTO MUSARK_ANALYSIS.EVENT_TYPE (category, short_name, extra_description_type, extra_description_attributes, extra_result_attributes, no_name, en_name) VALUES (1, 'XRF', NULL, NULL, NULL, 'Røntgenfluorescensspektroskopi', 'X-ray fluorescence');
INSERT INTO MUSARK_ANALYSIS.EVENT_TYPE (category, short_name, extra_description_type, extra_description_attributes, extra_result_attributes, no_name, en_name) VALUES (1, 'MS', NULL, NULL, NULL, 'Massespektrometri', 'Mass spectrometry');
INSERT INTO MUSARK_ANALYSIS.EVENT_TYPE (category, short_name, extra_description_type, extra_description_attributes, extra_result_attributes, no_name, en_name) VALUES (1, 'SEM-EDX/EDS', NULL, NULL, NULL, 'Skanning elektron mikroskopi-Energidispersiv røntgenspektroskopi', 'Scanning electron microscopy - Energy-dispersive X-ray spectroscopy');
INSERT INTO MUSARK_ANALYSIS.EVENT_TYPE (category, short_name, extra_description_type, extra_description_attributes, extra_result_attributes, no_name, en_name) VALUES (1, 'FTIR', NULL, NULL, NULL, 'Fouriertransform infrarød spektroskopi', 'Fourier transform infrared spectroscopy');
INSERT INTO MUSARK_ANALYSIS.EVENT_TYPE (category, short_name, extra_description_type, extra_description_attributes, extra_result_attributes, no_name, en_name) VALUES (1, 'ISE-Cl', NULL, NULL, NULL, 'Ioneselektiv elektrode, klorid', 'Ion-selective electrode, chloride');
INSERT INTO MUSARK_ANALYSIS.EVENT_TYPE (category, short_name, extra_description_type, extra_description_attributes, extra_result_attributes, no_name, en_name) VALUES (1, 'ISE-H', NULL, NULL, NULL, 'Ioneselektiv elektrode, pH', 'Ion-selective electrode, pH');
INSERT INTO MUSARK_ANALYSIS.EVENT_TYPE (category, short_name, extra_description_type, extra_description_attributes, extra_result_attributes, no_name, en_name) VALUES (1, 'Py-GC/MS', NULL, NULL, NULL, 'Pyrolyse gasskromatografi-massespektrometri', 'Pyrolysis-gas chromatography/mass spectrometry');
INSERT INTO MUSARK_ANALYSIS.EVENT_TYPE (category, short_name, extra_description_type, extra_description_attributes, extra_result_attributes, no_name, en_name) VALUES (1, 'Raman', NULL, NULL, NULL, 'Raman-spektroskopi', 'Raman spectroscopy');
INSERT INTO MUSARK_ANALYSIS.EVENT_TYPE (category, short_name, extra_description_type, extra_description_attributes, extra_result_attributes, no_name, en_name) VALUES (1, 'XRD', NULL, NULL, NULL, 'Røntgendiffraksjon', 'X-ray diffraction');
INSERT INTO MUSARK_ANALYSIS.EVENT_TYPE (category, short_name, extra_description_type, extra_description_attributes, extra_result_attributes, no_name, en_name) VALUES (1, 'HPLC', NULL, NULL, NULL, 'Væskekromatografi', 'High performance liquid chromatography');
INSERT INTO MUSARK_ANALYSIS.EVENT_TYPE (category, short_name, extra_description_type, extra_description_attributes, extra_result_attributes, no_name, en_name) VALUES (1, NULL, 'IsotopeAttributes', '{"types":"Array[Int]"}', NULL, 'Isotopanalyse', 'Isotope analysis');
INSERT INTO MUSARK_ANALYSIS.EVENT_TYPE (category, short_name, extra_description_type, extra_description_attributes, extra_result_attributes, no_name, en_name) VALUES (1, 'NMR', NULL, NULL, NULL, 'Nuclear magnetic resonance spectroscopy', 'Nuclear magnetic resonance spectroscopy');
INSERT INTO MUSARK_ANALYSIS.EVENT_TYPE (category, short_name, extra_description_type, extra_description_attributes, extra_result_attributes, no_name, en_name) VALUES (1, NULL, NULL, NULL, NULL, 'Fettsyreanalyse', 'Lipids');
INSERT INTO MUSARK_ANALYSIS.EVENT_TYPE (category, short_name, extra_description_type, extra_description_attributes, extra_result_attributes, no_name, en_name) VALUES (1, 'XANES', NULL, NULL, NULL, 'X-ray Absorption Near Edge Structure', 'X-ray absorption near edge structure');
INSERT INTO MUSARK_ANALYSIS.EVENT_TYPE (category, short_name, extra_description_type, extra_description_attributes, extra_result_attributes, no_name, en_name) VALUES (1, 'ICP', 'ElementalICPAttributes', '{"method":"Int"}', NULL, 'Grunnstoffanalyse (ICP: Inductively coupled plasma analyses with different types of detectors)', 'Elemental analysis (ICP: Inductively coupled plasma analyses with different types of detectors)');
INSERT INTO MUSARK_ANALYSIS.EVENT_TYPE (category, short_name, extra_description_type, extra_description_attributes, extra_result_attributes, no_name, en_name) VALUES (1, 'AAS', 'ElementalAASAttributes', '{"method":"Int"}', NULL, 'Grunnstoffanalyse (AAS: atomabsorbsjonspektroskopi)', 'Elemental analysis (AAS: atomabsorbsjonspektroskopi)');
INSERT INTO MUSARK_ANALYSIS.EVENT_TYPE (category, short_name, extra_description_type, extra_description_attributes, extra_result_attributes, no_name, en_name) VALUES (1, 'AFS', NULL, NULL, NULL, 'Grunnstoffanalyse (AFS)', 'Elemental analysis (AFS)');
INSERT INTO MUSARK_ANALYSIS.EVENT_TYPE (category, short_name, extra_description_type, extra_description_attributes, extra_result_attributes, no_name, en_name) VALUES (6, NULL, NULL, NULL, NULL, 'Plantemateriale, makro (forkullet/uforkullet)', 'Plant material (charred/not charred)');
INSERT INTO MUSARK_ANALYSIS.EVENT_TYPE (category, short_name, extra_description_type, extra_description_attributes, extra_result_attributes, no_name, en_name) VALUES (7, 'P+S', NULL, NULL, NULL, 'Pollen og sporer', 'Pollen and spores');
INSERT INTO MUSARK_ANALYSIS.EVENT_TYPE (category, short_name, extra_description_type, extra_description_attributes, extra_result_type, extra_result_attributes, no_name, en_name) VALUES (8, NULL, NULL, NULL, 'MeasurementResult', '{"measurementId": "String", "measurementType":"String","size":"Size","precision":"String","method":"String"}', 'Målinger og tellinger', 'Counts and measurements');
INSERT INTO MUSARK_ANALYSIS.EVENT_TYPE (category, short_name, extra_description_type, extra_description_attributes, extra_result_attributes, no_name, en_name) VALUES (9, NULL, NULL, NULL, NULL, 'Skjelettanalyse, dyrebein', 'Osteology, non-human');
INSERT INTO MUSARK_ANALYSIS.EVENT_TYPE (category, short_name, extra_description_type, extra_description_attributes, extra_result_attributes, no_name, en_name) VALUES (9, NULL, NULL, NULL, NULL, 'Skjelettanalyse, menneske', 'Osteology, human');
INSERT INTO MUSARK_ANALYSIS.EVENT_TYPE (category, short_name, extra_description_type, extra_description_attributes, extra_result_attributes, no_name, en_name) VALUES (10, 'Cit-P', NULL, NULL, NULL, 'Fosfat', 'Phosphate determination');
INSERT INTO MUSARK_ANALYSIS.EVENT_TYPE (category, short_name, extra_description_type, extra_description_attributes, extra_result_attributes, no_name, en_name) VALUES (10, NULL, NULL, NULL, NULL, 'Jordmikromorfologi', 'Soil micromorphology');
INSERT INTO MUSARK_ANALYSIS.EVENT_TYPE (category, short_name, extra_description_type, extra_description_attributes, extra_result_attributes, no_name, en_name) VALUES (12, NULL, NULL, NULL, NULL, 'Tekstil- og fiberanalyse', 'Textile and fibre analysis');
INSERT INTO MUSARK_ANALYSIS.EVENT_TYPE (category, short_name, extra_description_type, extra_description_attributes, extra_result_attributes, no_name, en_name) VALUES (13, NULL, NULL, NULL, NULL, 'Vedanatomi (forkullet/uforkullet)', 'Wood anatomy (charred/uncharred)');

--- INSERTING TREATMENT-LIST

INSERT INTO MUSARK_ANALYSIS.TREATMENT(treatment_id, no_treatment,en_treatment) VALUES(1,'CTAB','CTAB');
INSERT INTO MUSARK_ANALYSIS.TREATMENT(treatment_id, no_treatment,en_treatment) VALUES(2,'DNAdvance Beckman Coulter','Advance Beckman Coulter');
INSERT INTO MUSARK_ANALYSIS.TREATMENT(treatment_id, no_treatment,en_treatment) VALUES(3,'EZNA plant kit','EZNA plant kit');
INSERT INTO MUSARK_ANALYSIS.TREATMENT(treatment_id, no_treatment,en_treatment) VALUES(4,'Hot shot','Hot shot');
INSERT INTO MUSARK_ANALYSIS.TREATMENT(treatment_id, no_treatment,en_treatment) VALUES(5,'Mole robot','Mole robot');
INSERT INTO MUSARK_ANALYSIS.TREATMENT(treatment_id, no_treatment,en_treatment) VALUES(6,'Omega EZNA blood and tissue kit','Omega EZNA blood and tissue kit');
INSERT INTO MUSARK_ANALYSIS.TREATMENT(treatment_id, no_treatment,en_treatment) VALUES(7,'Omega EZNA blood kit',' Omega EZNA blood kit');
INSERT INTO MUSARK_ANALYSIS.TREATMENT(treatment_id, no_treatment,en_treatment) VALUES(8,'Omega EZNA plant kit',' Omega EZNA plant kit');
INSERT INTO MUSARK_ANALYSIS.TREATMENT(treatment_id, no_treatment,en_treatment) VALUES(9,'Omega EZNA tissue kit','Omega EZNA tissue kit');
INSERT INTO MUSARK_ANALYSIS.TREATMENT(treatment_id, no_treatment,en_treatment) VALUES(10,'Phenol-Chloroform','Phenol-Chloroform');
INSERT INTO MUSARK_ANALYSIS.TREATMENT(treatment_id, no_treatment,en_treatment) VALUES(11,'Qiagen blood and tissue kit','Qiagen blood and tissue kit');
INSERT INTO MUSARK_ANALYSIS.TREATMENT(treatment_id, no_treatment,en_treatment) VALUES(12,'Qiagen blood kit','Qiagen blood kit');
INSERT INTO MUSARK_ANALYSIS.TREATMENT(treatment_id, no_treatment,en_treatment) VALUES(13,'Qiagen plant kit','Qiagen plant kit');
INSERT INTO MUSARK_ANALYSIS.TREATMENT(treatment_id, no_treatment,en_treatment) VALUES(14,'Qiagen tissue kit','Qiagen tissue kit');
INSERT INTO MUSARK_ANALYSIS.TREATMENT(treatment_id, no_treatment,en_treatment) VALUES(15,'Quick extract','Quick extract');
INSERT INTO MUSARK_ANALYSIS.TREATMENT(treatment_id, no_treatment,en_treatment) VALUES(16,'WGA (GenomiPhi)','WGA (GenomiPhi)');
INSERT INTO MUSARK_ANALYSIS.TREATMENT(treatment_id, no_treatment,en_treatment) VALUES(17,'Spectrum plant toal RNA kit',' Spectrum plant toal RNA kit');
INSERT INTO MUSARK_ANALYSIS.TREATMENT(treatment_id, no_treatment,en_treatment) VALUES(18,'Drilling','Drilling');
INSERT INTO MUSARK_ANALYSIS.TREATMENT(treatment_id, no_treatment,en_treatment) VALUES(19,'Ekstrahering','Extraction');
INSERT INTO MUSARK_ANALYSIS.TREATMENT(treatment_id, no_treatment,en_treatment) VALUES(20,'Fjernet ved bruk av skalpell','Removed using scalpel');
INSERT INTO MUSARK_ANALYSIS.TREATMENT(treatment_id, no_treatment,en_treatment) VALUES(21,'Løse fragment(er)','Loose fragment(s)');
INSERT INTO MUSARK_ANALYSIS.TREATMENT(treatment_id, no_treatment,en_treatment) VALUES(22,'Skjæring/kutting','Cutting');
INSERT INTO MUSARK_ANALYSIS.TREATMENT(treatment_id, no_treatment,en_treatment) VALUES(23,'Skraping','Scraping');
INSERT INTO MUSARK_ANALYSIS.TREATMENT(treatment_id, no_treatment,en_treatment) VALUES(24,'Saging','Sawing');


INSERT INTO MUSARK_ANALYSIS.STORAGEMEDIUM(storagemedium_id, no_storagemedium,en_storagemedium) VALUES(1 ,'Deionisert vann (diH2O)','Deionized water (diH2O)');
INSERT INTO MUSARK_ANALYSIS.STORAGEMEDIUM(storagemedium_id, no_storagemedium,en_storagemedium) VALUES(2 ,'Buffer EDTA','Buffer EDTA');
INSERT INTO MUSARK_ANALYSIS.STORAGEMEDIUM(storagemedium_id, no_storagemedium,en_storagemedium) VALUES(3 ,'Buffer TE ','Buffer TE');
INSERT INTO MUSARK_ANALYSIS.STORAGEMEDIUM(storagemedium_id, no_storagemedium,en_storagemedium) VALUES(4 ,'Buffer uspesifisert','Buffer (Unspecified)');
INSERT INTO MUSARK_ANALYSIS.STORAGEMEDIUM(storagemedium_id, no_storagemedium,en_storagemedium) VALUES(5 ,'Destillert vann (dH2O)','Distilled water (dH2O)');
INSERT INTO MUSARK_ANALYSIS.STORAGEMEDIUM(storagemedium_id, no_storagemedium,en_storagemedium) VALUES(6 ,'DMSO','DMSO');
INSERT INTO MUSARK_ANALYSIS.STORAGEMEDIUM(storagemedium_id, no_storagemedium,en_storagemedium) VALUES(7 ,'Dobbeltdestillert vann (ddH2O)','Double-distilled water (ddH2O)');
INSERT INTO MUSARK_ANALYSIS.STORAGEMEDIUM(storagemedium_id, no_storagemedium,en_storagemedium) VALUES(8 ,'Elution buffer','Elution buffer');
INSERT INTO MUSARK_ANALYSIS.STORAGEMEDIUM(storagemedium_id, no_storagemedium,en_storagemedium) VALUES(9 ,'Etanol','Ethanol');
INSERT INTO MUSARK_ANALYSIS.STORAGEMEDIUM(storagemedium_id, no_storagemedium,en_storagemedium) VALUES(10,'Etanol 70%','Ethanol 70%');
INSERT INTO MUSARK_ANALYSIS.STORAGEMEDIUM(storagemedium_id, no_storagemedium,en_storagemedium) VALUES(11,'Etanol 80%','Ethanol 80%');
INSERT INTO MUSARK_ANALYSIS.STORAGEMEDIUM(storagemedium_id, no_storagemedium,en_storagemedium) VALUES(12,'Etanol 96%','Ethanol 96%');
INSERT INTO MUSARK_ANALYSIS.STORAGEMEDIUM(storagemedium_id, no_storagemedium,en_storagemedium) VALUES(13,'Fenol','Phenol');
INSERT INTO MUSARK_ANALYSIS.STORAGEMEDIUM(storagemedium_id, no_storagemedium,en_storagemedium) VALUES(14,'Flytende nitrogen','Liquid nitrogen');
INSERT INTO MUSARK_ANALYSIS.STORAGEMEDIUM(storagemedium_id, no_storagemedium,en_storagemedium) VALUES(15,'Formalin','Formalin');
INSERT INTO MUSARK_ANALYSIS.STORAGEMEDIUM(storagemedium_id, no_storagemedium,en_storagemedium) VALUES(16,'Glyserol','Glycerol');
INSERT INTO MUSARK_ANALYSIS.STORAGEMEDIUM(storagemedium_id, no_storagemedium,en_storagemedium) VALUES(17,'Fysiologisk saltvann','Physiological saline');
INSERT INTO MUSARK_ANALYSIS.STORAGEMEDIUM(storagemedium_id, no_storagemedium,en_storagemedium) VALUES(18,'Iseddik','Glacial acetic acid');
INSERT INTO MUSARK_ANALYSIS.STORAGEMEDIUM(storagemedium_id, no_storagemedium,en_storagemedium) VALUES(19,'Isopropanol','Isopropanol');
INSERT INTO MUSARK_ANALYSIS.STORAGEMEDIUM(storagemedium_id, no_storagemedium,en_storagemedium) VALUES(20,'Langmeir solution','Langmeir solution');
INSERT INTO MUSARK_ANALYSIS.STORAGEMEDIUM(storagemedium_id, no_storagemedium,en_storagemedium) VALUES(21,'Queens lysis buffer','Queens lysis buffer');
INSERT INTO MUSARK_ANALYSIS.STORAGEMEDIUM(storagemedium_id, no_storagemedium,en_storagemedium) VALUES(22,'RNAlater','RNAlater');
INSERT INTO MUSARK_ANALYSIS.STORAGEMEDIUM(storagemedium_id, no_storagemedium,en_storagemedium) VALUES(23,'SET buffer','SET buffer');
INSERT INTO MUSARK_ANALYSIS.STORAGEMEDIUM(storagemedium_id, no_storagemedium,en_storagemedium) VALUES(24,'Silika','Silica gel');
INSERT INTO MUSARK_ANALYSIS.STORAGEMEDIUM(storagemedium_id, no_storagemedium,en_storagemedium) VALUES(25,'Tørr','Dry');
INSERT INTO MUSARK_ANALYSIS.STORAGEMEDIUM(storagemedium_id, no_storagemedium,en_storagemedium) VALUES(26,'Parafinvoks','Paraffin wax');
INSERT INTO MUSARK_ANALYSIS.STORAGEMEDIUM(storagemedium_id, no_storagemedium,en_storagemedium) VALUES(27,'Buffer Tris-HCL (u/EDTA)','Buffer Tris-HCL (no EDTA)');
INSERT INTO MUSARK_ANALYSIS.STORAGEMEDIUM(storagemedium_id, no_storagemedium,en_storagemedium) VALUES(28,'Buffer TBE','Buffer TBE');


INSERT INTO MUSARK_ANALYSIS.STORAGECONTAINER(storagecontainer_id, no_storagecontainer,en_storagecontainer) VALUES(1, 'Eppendorfrør','Eppendorf tube');
INSERT INTO MUSARK_ANALYSIS.STORAGECONTAINER(storagecontainer_id, no_storagecontainer,en_storagecontainer) VALUES(2, 'Kryorør','Cryo tube');
INSERT INTO MUSARK_ANALYSIS.STORAGECONTAINER(storagecontainer_id, no_storagecontainer,en_storagecontainer) VALUES(4, 'Lynlåspose, plast (LDPE)','Self-sealing bags, plastic (LDPE)');
INSERT INTO MUSARK_ANALYSIS.STORAGECONTAINER(storagecontainer_id, no_storagecontainer,en_storagecontainer) VALUES(5, 'Mikrofilterplate','Microfilter plate');
INSERT INTO MUSARK_ANALYSIS.STORAGECONTAINER(storagecontainer_id, no_storagecontainer,en_storagecontainer) VALUES(6, 'Mikrosentrifugerør','Microcentrifuge tube');
INSERT INTO MUSARK_ANALYSIS.STORAGECONTAINER(storagecontainer_id, no_storagecontainer,en_storagecontainer) VALUES(7, 'Papirpose','Paper bag');
INSERT INTO MUSARK_ANALYSIS.STORAGECONTAINER(storagecontainer_id, no_storagecontainer,en_storagecontainer) VALUES(8, 'PCR-rør','PCR tube');
INSERT INTO MUSARK_ANALYSIS.STORAGECONTAINER(storagecontainer_id, no_storagecontainer,en_storagecontainer) VALUES(9,'Større plastbeholder m/skrulokk','Larger plastic container with screw lid');
INSERT INTO MUSARK_ANALYSIS.STORAGECONTAINER(storagecontainer_id, no_storagecontainer,en_storagecontainer) VALUES(10,'Større glassbeholder m/skrulokk','Larger glas container with screw lid');
INSERT INTO MUSARK_ANALYSIS.STORAGECONTAINER(storagecontainer_id, no_storagecontainer,en_storagecontainer) VALUES(11,'Plastrør 0,2 mL','Plastic tube 0.2 ml');
INSERT INTO MUSARK_ANALYSIS.STORAGECONTAINER(storagecontainer_id, no_storagecontainer,en_storagecontainer) VALUES(12,'Plastrør 0,5 mL','Plastic tube 0.5 ml');
INSERT INTO MUSARK_ANALYSIS.STORAGECONTAINER(storagecontainer_id, no_storagecontainer,en_storagecontainer) VALUES(13,'Plastrør 1,5 mL','Plastic tube 1.5 ml');
INSERT INTO MUSARK_ANALYSIS.STORAGECONTAINER(storagecontainer_id, no_storagecontainer,en_storagecontainer) VALUES(14,'Plastrør 2,0 mL','Plastic tube 2.0 ml');
INSERT INTO MUSARK_ANALYSIS.STORAGECONTAINER(storagecontainer_id, no_storagecontainer,en_storagecontainer) VALUES(15,'Plastrør 8,0 mL','Plastic tube 8.0 ml');
INSERT INTO MUSARK_ANALYSIS.STORAGECONTAINER(storagecontainer_id, no_storagecontainer,en_storagecontainer) VALUES(16,'Plastrør 15 mL','Plastic tube 15 ml');
INSERT INTO MUSARK_ANALYSIS.STORAGECONTAINER(storagecontainer_id, no_storagecontainer,en_storagecontainer) VALUES(17,'Plastrør 50 mL','Plastic tube 50 ml');
INSERT INTO MUSARK_ANALYSIS.STORAGECONTAINER(storagecontainer_id, no_storagecontainer,en_storagecontainer) VALUES(18,'Mikrotiterplate 96 brønner','Microtiter plate 96 wells');
INSERT INTO MUSARK_ANALYSIS.STORAGECONTAINER(storagecontainer_id, no_storagecontainer,en_storagecontainer) VALUES(19,'Syrefri pappeske','Acid free cardboard box');
INSERT INTO MUSARK_ANALYSIS.STORAGECONTAINER(storagecontainer_id, no_storagecontainer,en_storagecontainer) VALUES(20,'Syrefritt silkepapir','Acid free tissue');
INSERT INTO MUSARK_ANALYSIS.STORAGECONTAINER(storagecontainer_id, no_storagecontainer,en_storagecontainer) VALUES(21,'Pappeske, ikke arkivstandard','Cardboard box, not archival standard');
INSERT INTO MUSARK_ANALYSIS.STORAGECONTAINER(storagecontainer_id, no_storagecontainer,en_storagecontainer) VALUES(22,'Polyetylen skum (Ethafoam/Plastazote)','Polyethylene Foam (Ethafoam/Plastazote)');
INSERT INTO MUSARK_ANALYSIS.STORAGECONTAINER(storagecontainer_id, no_storagecontainer,en_storagecontainer) VALUES(23,'Polystyren eske','Polystyrene box');
INSERT INTO MUSARK_ANALYSIS.STORAGECONTAINER(storagecontainer_id, no_storagecontainer,en_storagecontainer) VALUES(24,'Reagensglass','Locked test tubes');
INSERT INTO MUSARK_ANALYSIS.STORAGECONTAINER(storagecontainer_id, no_storagecontainer,en_storagecontainer) VALUES(25,'Prøvekube','Small locked test tubes');
INSERT INTO MUSARK_ANALYSIS.STORAGECONTAINER(storagecontainer_id, no_storagecontainer,en_storagecontainer) VALUES(26,'PVC-rør','PVC-tube');
INSERT INTO MUSARK_ANALYSIS.STORAGECONTAINER(storagecontainer_id, no_storagecontainer,en_storagecontainer) VALUES(27,'Kasseprøve','Wooden box');
INSERT INTO MUSARK_ANALYSIS.STORAGECONTAINER(storagecontainer_id, no_storagecontainer,en_storagecontainer) VALUES(28,'Plastboks (5 L)','Box (plastic) 5 L');
INSERT INTO MUSARK_ANALYSIS.STORAGECONTAINER(storagecontainer_id, no_storagecontainer,en_storagecontainer) VALUES(29,'Isbiter boks','Ice-cube box');
INSERT INTO MUSARK_ANALYSIS.STORAGECONTAINER(storagecontainer_id, no_storagecontainer,en_storagecontainer) VALUES(30,'Preparateske for slides','Slidebox');

INSERT INTO MUSARK_ACTOR.ORGANISATION (ORG_ID, FULL_NAME, TEL, WEB, SYNONYMS, SERVICE_TAGS) VALUES (1, 'Kulturhistorisk museum - Universitetet i Oslo', '22 85 19 00', 'www.khm.uio.no', '|Kulturhistorisk museum|UKM|KHM|', '|storage_facility|');
INSERT INTO MUSARK_ACTOR.ORGANISATION (ORG_ID, FULL_NAME, TEL, WEB, SYNONYMS, SERVICE_TAGS) VALUES (10, 'Arkeologisk museum', '22', 'ee', '|Ark museum|AM|', '');


INSERT INTO MUSARK_ACTOR.ORGANISATION(ORG_ID,FULL_NAME,TEL,WEB,SERVICE_TAGS,CONTACT,EMAIL) VALUES(394,'University of Pisa, Department of Chemistry and Industrial Chemistry','39-050-2219258','http://www.scich.it/index.html',  '|analysis|','Maria Perla Colombini / Jeannette J. Lucejko','j.lucejko@dcci.unipi.it');
INSERT INTO MUSARK_ACTOR.ORGANISATION(ORG_ID,FULL_NAME,TEL,WEB,SERVICE_TAGS,CONTACT,EMAIL) VALUES(393,'University College London','','','|analysis|','Richard I Macphail','r.macphail@ucl.ac.uk');
INSERT INTO MUSARK_ACTOR.ORGANISATION(ORG_ID,FULL_NAME,TEL,WEB,SERVICE_TAGS,CONTACT,EMAIL) VALUES(392,'Universitetet i Bergen','','http://www.uib.no/fg/flom/63523/paleozoologi','|analysis|','Anne Karin Hufthammer','Anne.Hufthammer@uib.no');
INSERT INTO MUSARK_ACTOR.ORGANISATION(ORG_ID,FULL_NAME,TEL,WEB,SERVICE_TAGS,CONTACT,EMAIL) VALUES(391,'Umeå Universitet','46-90-786 7939','Johan.Linderholm@umu.se','|analysis|','Johan Linderholm','Johan.Linderholm@umu.se');
INSERT INTO MUSARK_ACTOR.ORGANISATION(ORG_ID,FULL_NAME,TEL,WEB,SERVICE_TAGS,CONTACT,EMAIL) VALUES(390,'Stoneslab','4618 461003 / 46702606334','http://stoneslab.se/','|analysis|','','stonesslab@gmail.com');
INSERT INTO MUSARK_ACTOR.ORGANISATION(ORG_ID,FULL_NAME,TEL,WEB,SERVICE_TAGS,CONTACT,EMAIL) VALUES(389,'Societas Archaeologica Upsaliensis (SAU)','','http://www.sau.se/service/osteologi/','|analysis|','Emma Sjöling','emma.sjoling@sau.se');
INSERT INTO MUSARK_ACTOR.ORGANISATION(ORG_ID,FULL_NAME,TEL,WEB,SERVICE_TAGS,CONTACT,EMAIL) VALUES(388,'Rolf Sørensen, Kari E. Henningsmoen og Helge Irgens Høeg','','','|analysis|','','');
INSERT INTO MUSARK_ACTOR.ORGANISATION(ORG_ID,FULL_NAME,TEL,WEB,SERVICE_TAGS,CONTACT,EMAIL) VALUES(387,'Research Laboratory for Archaeology and The History of Art', '','','|analysis|','','');
INSERT INTO MUSARK_ACTOR.ORGANISATION(ORG_ID,FULL_NAME,TEL,WEB,SERVICE_TAGS,CONTACT,EMAIL) VALUES(386,'Poznan radiocarbon laboratory', '','','|analysis|','','c.fourteen@radiocarbon.pl');
INSERT INTO MUSARK_ACTOR.ORGANISATION(ORG_ID,FULL_NAME,TEL,WEB,SERVICE_TAGS,CONTACT,EMAIL) VALUES(385,'NTNU Genomics Core Facility','72825345','http://www.ntnu.edu/mh/gcf','|analysis|','Vidar Beisvåg','vidar.beisvag@ntnu.no');
INSERT INTO MUSARK_ACTOR.ORGANISATION(ORG_ID,FULL_NAME,TEL,WEB,SERVICE_TAGS,CONTACT,EMAIL) VALUES(384,'Norwegian Geological Survey','','','|analysis|','','ngu@ngu.no');
INSERT INTO MUSARK_ACTOR.ORGANISATION(ORG_ID,FULL_NAME,TEL,WEB,SERVICE_TAGS,CONTACT,EMAIL) VALUES(383,'Nordic Laboratory for Luminescence Dating, Risø National Laboratory','','','|analysis|','','');
INSERT INTO MUSARK_ACTOR.ORGANISATION(ORG_ID,FULL_NAME,TEL,WEB,SERVICE_TAGS,CONTACT,EMAIL) VALUES(382,'NOK - Natur og Kultur','','www.nokam.dk','|analysis|','Annine Moltsen','nok@nokam.dk');
INSERT INTO MUSARK_ACTOR.ORGANISATION(ORG_ID,FULL_NAME,TEL,WEB,SERVICE_TAGS,CONTACT,EMAIL) VALUES(381,'Naturhistoriska riksmuseet','','','|analysis|','Kjell Billström','');
INSERT INTO MUSARK_ACTOR.ORGANISATION(ORG_ID,FULL_NAME,TEL,WEB,SERVICE_TAGS,CONTACT,EMAIL) VALUES(380,'Naturhistorisk musuem, UiO','','','|analysis|','Hans-Jørgen Berg','');
INSERT INTO MUSARK_ACTOR.ORGANISATION(ORG_ID,FULL_NAME,TEL,WEB,SERVICE_TAGS,CONTACT,EMAIL) VALUES(379,'Nasjonallaboratoriene for datering','73 59 33 06','http://www.ntnu.no/museum/nasjonallaboratoriene-for-datering','|analysis|','Marie-Josée Nadeau / Terje Thun','datlab@vm.ntnu.no');
INSERT INTO MUSARK_ACTOR.ORGANISATION(ORG_ID,FULL_NAME,TEL,WEB,SERVICE_TAGS,CONTACT,EMAIL) VALUES(378,'Museum of Archaeology/UiS','51832600','http://am.uis.no/','|analysis|','Håkan Petterson','post-am@uis.no');
INSERT INTO MUSARK_ACTOR.ORGANISATION(ORG_ID,FULL_NAME,TEL,WEB,SERVICE_TAGS,CONTACT,EMAIL) VALUES(377,'Molekylær-lab','73 59 21 45 / 73 59 21 60','http://www.ntnu.no/web/museum/','|analysis|','','post@vm.ntnu.no');
INSERT INTO MUSARK_ACTOR.ORGANISATION(ORG_ID,FULL_NAME,TEL,WEB,SERVICE_TAGS,CONTACT,EMAIL) VALUES(376,'Moesgård Museum','0045 87 39 40 41','','|analysis|','Peter Hambro Mikkelsen','peter.hambro.mikkelsen@moesmus.dk');
INSERT INTO MUSARK_ACTOR.ORGANISATION(ORG_ID,FULL_NAME,TEL,WEB,SERVICE_TAGS,CONTACT,EMAIL) VALUES(375,'Miljöarkeologiska laboratoriet (MAL)','','','|analysis|','','mal@umu.se');
INSERT INTO MUSARK_ACTOR.ORGANISATION(ORG_ID,FULL_NAME,TEL,WEB,SERVICE_TAGS,CONTACT,EMAIL) VALUES(374,'Malmö Kulturmiljö','','','|analysis|','Anders Högberg','');
INSERT INTO MUSARK_ACTOR.ORGANISATION(ORG_ID,FULL_NAME,TEL,WEB,SERVICE_TAGS,CONTACT,EMAIL) VALUES(373,'Macrogen Europe','','http://dna.macrogen.com/eng/','|analysis|','','');
INSERT INTO MUSARK_ACTOR.ORGANISATION(ORG_ID,FULL_NAME,TEL,WEB,SERVICE_TAGS,CONTACT,EMAIL) VALUES(372,'Lunds universitet','','http://www.geologi.lu.se/forskning/laboratorier-utrustning/laboratoriet-for-14c-datering','|analysis|','Mats Rundgren','mats.rundgren@geol.lu.se');
INSERT INTO MUSARK_ACTOR.ORGANISATION(ORG_ID,FULL_NAME,TEL,WEB,SERVICE_TAGS,CONTACT,EMAIL) VALUES(371,'Luminescence Dating Laboratory','(206) 543-5240','','|analysis|','','anthinfo@uw.edu');
INSERT INTO MUSARK_ACTOR.ORGANISATION(ORG_ID,FULL_NAME,TEL,WEB,SERVICE_TAGS,CONTACT,EMAIL) VALUES(370,'Konserveringslab','73 59 21 45 / 73 59 21 60','http://www.ntnu.no/web/museum/','|analysis|','','post@vm.ntnu.no');
INSERT INTO MUSARK_ACTOR.ORGANISATION(ORG_ID,FULL_NAME,TEL,WEB,SERVICE_TAGS,CONTACT,EMAIL) VALUES(369,'Jakobsson Lab','','http://www.iob.uu.se/research/evolution-and-development/jakobsson?languageId=1','|analysis|','','');
INSERT INTO MUSARK_ACTOR.ORGANISATION(ORG_ID,FULL_NAME,TEL,WEB,SERVICE_TAGS,CONTACT,EMAIL) VALUES(368,'Institutt for Geovitenskap, UiB','55583387/55582628','','|analysis|','Ole Tumyr','ole.tumyr@uib.no');
INSERT INTO MUSARK_ACTOR.ORGANISATION(ORG_ID,FULL_NAME,TEL,WEB,SERVICE_TAGS,CONTACT,EMAIL) VALUES(367,'Institute of Archaeology, University College London','44 (0)20 7679 4760','http://www.ucl.ac.uk/archaeology/staff/profiles/macphail.htm','|analysis|','Dr Richard I Macphail','r.macphail@ucl.ac.uk');
INSERT INTO MUSARK_ACTOR.ORGANISATION(ORG_ID,FULL_NAME,TEL,WEB,SERVICE_TAGS,CONTACT,EMAIL) VALUES(366,'Heimdal-archaeometry','45 45 85 72 70 / 45 21 96 31 76.','','|analysis|','Arne Jouttijärvi','heimdal@archaeometry.dk');
INSERT INTO MUSARK_ACTOR.ORGANISATION(ORG_ID,FULL_NAME,TEL,WEB,SERVICE_TAGS,CONTACT,EMAIL) VALUES(365,'Eurofins Genomics','49 8092 8289-0','https://www.eurofinsgenomics.eu/','|analysis|','','nfo-eu@eurofins.com');
INSERT INTO MUSARK_ACTOR.ORGANISATION(ORG_ID,FULL_NAME,TEL,WEB,SERVICE_TAGS,CONTACT,EMAIL) VALUES(364,'DNA-lab Naturhistorisk Museum Oslo','22851866','http://www.nhm.uio.no/english/research/infrastructure/dna-lab/','|analysis|','Jarl Andreas Anmarkrud','j.a.anmarkrud@nhm.uio.no');
INSERT INTO MUSARK_ACTOR.ORGANISATION(ORG_ID,FULL_NAME,TEL,WEB,SERVICE_TAGS,CONTACT,EMAIL) VALUES(363,'Chrono Centre','','http://www.chrono.qub.ac.uk/content.html','|analysis|','','s.hoper@qub.ac.uk / p.j.reimer@qub.ac.uk');
INSERT INTO MUSARK_ACTOR.ORGANISATION(ORG_ID,FULL_NAME,TEL,WEB,SERVICE_TAGS,CONTACT,EMAIL) VALUES(362,'Centre for Isotope Research','','http://www.rug.nl/research/centre-for-isotope-research/','|analysis|','','');
INSERT INTO MUSARK_ACTOR.ORGANISATION(ORG_ID,FULL_NAME,TEL,WEB,SERVICE_TAGS,CONTACT,EMAIL) VALUES(361,'Centre for GeoGenetics','','http://geogenetics.ku.dk/','|analysis|','','');
INSERT INTO MUSARK_ACTOR.ORGANISATION(ORG_ID,FULL_NAME,TEL,WEB,SERVICE_TAGS,CONTACT,EMAIL) VALUES(360,'Canadian Centre for DNA Barcoding','','http://ccdb.ca/','|analysis|','','info@ccdb.ca');
INSERT INTO MUSARK_ACTOR.ORGANISATION(ORG_ID,FULL_NAME,TEL,WEB,SERVICE_TAGS,CONTACT,EMAIL) VALUES(359,'Beta Analytic Limited','442076177459','http://www.radiocarbon.com/','|analysis|','','lab@radiocarbon.com');
INSERT INTO MUSARK_ACTOR.ORGANISATION(ORG_ID,FULL_NAME,TEL,WEB,SERVICE_TAGS,CONTACT,EMAIL) VALUES(358,'Beta Analytic Inc.','','','|analysis|','','beta@radiocarbon.com');
INSERT INTO MUSARK_ACTOR.ORGANISATION(ORG_ID,FULL_NAME,TEL,WEB,SERVICE_TAGS,CONTACT,EMAIL) VALUES(357,'Arkeologiska forskningslaboratoriet','08-16 20 00','http://www.archaeology.su.se/arkeologiska-forskningslaboratoriet','|analysis|','','');
INSERT INTO MUSARK_ACTOR.ORGANISATION(ORG_ID,FULL_NAME,TEL,WEB,SERVICE_TAGS,CONTACT,EMAIL) VALUES(356,'Archaeological, Geographical and Environmental Sciences','','','|analysis|','','');
INSERT INTO MUSARK_ACTOR.ORGANISATION(ORG_ID,FULL_NAME,TEL,WEB,SERVICE_TAGS,CONTACT,EMAIL) VALUES(355,'Anders Lindahl','','','|analysis|','','');


INSERT INTO MUSARK_ACTOR.ORGANISATION_ADDRESS(ORGADDRESSID,ORG_ID,STREET_ADDRESS,STREET_ADDRESS_2,POSTAL_CODE_PLACE,COUNTRY_NAME) VALUES(1 ,355 ,'','','Lund','Sverige');
INSERT INTO MUSARK_ACTOR.ORGANISATION_ADDRESS(ORGADDRESSID,ORG_ID,STREET_ADDRESS,STREET_ADDRESS_2,POSTAL_CODE_PLACE,COUNTRY_NAME) VALUES(2 ,356 ,'','','Bradford','Storbritannia');
INSERT INTO MUSARK_ACTOR.ORGANISATION_ADDRESS(ORGADDRESSID,ORG_ID,STREET_ADDRESS,STREET_ADDRESS_2,POSTAL_CODE_PLACE,COUNTRY_NAME) VALUES(3 ,357 ,'Stockholms universitet','','SE-106 91 Stockholm','Sverige');
INSERT INTO MUSARK_ACTOR.ORGANISATION_ADDRESS(ORGADDRESSID,ORG_ID,STREET_ADDRESS,STREET_ADDRESS_2,POSTAL_CODE_PLACE,COUNTRY_NAME) VALUES(4 ,358 ,'4985 S.W. 74 Court','','Miami, Florida, USA 33155','USA');
INSERT INTO MUSARK_ACTOR.ORGANISATION_ADDRESS(ORGADDRESSID,ORG_ID,STREET_ADDRESS,STREET_ADDRESS_2,POSTAL_CODE_PLACE,COUNTRY_NAME) VALUES(5 ,359 ,'London BioScience Innovation Centre','2 Royal College Street','London NW1 ONH','Storbritannia');
INSERT INTO MUSARK_ACTOR.ORGANISATION_ADDRESS(ORGADDRESSID,ORG_ID,STREET_ADDRESS,STREET_ADDRESS_2,POSTAL_CODE_PLACE,COUNTRY_NAME) VALUES(6 ,360 ,'Centre for Biodiversity Genomics','50 Stone Road East, University of Guelph','Guelph, ON, N1G2W1','Kanada');
INSERT INTO MUSARK_ACTOR.ORGANISATION_ADDRESS(ORGADDRESSID,ORG_ID,STREET_ADDRESS,STREET_ADDRESS_2,POSTAL_CODE_PLACE,COUNTRY_NAME) VALUES(7 ,361 ,'Natural History Museum of Denmark, University of Copenhagen','','1350 Copenhagen K','Danmark');
INSERT INTO MUSARK_ACTOR.ORGANISATION_ADDRESS(ORGADDRESSID,ORG_ID,STREET_ADDRESS,STREET_ADDRESS_2,POSTAL_CODE_PLACE,COUNTRY_NAME) VALUES(8 ,362 ,'University of Groningen','','9700 AB Groningen','Nederland');
INSERT INTO MUSARK_ACTOR.ORGANISATION_ADDRESS(ORGADDRESSID,ORG_ID,STREET_ADDRESS,STREET_ADDRESS_2,POSTAL_CODE_PLACE,COUNTRY_NAME) VALUES(9 ,363 ,'Archaeology and Palaeoecology Building','42 Fitzwilliam Street','Belfast BT9 6AX','Northern Ireland/Storbritannia');
INSERT INTO MUSARK_ACTOR.ORGANISATION_ADDRESS(ORGADDRESSID,ORG_ID,STREET_ADDRESS,STREET_ADDRESS_2,POSTAL_CODE_PLACE,COUNTRY_NAME) VALUES(10, 364,'DNA-lab, Naturhistorisk Museum','Postboks 1172 Blindern','0318 Oslo','Norge');
INSERT INTO MUSARK_ACTOR.ORGANISATION_ADDRESS(ORGADDRESSID,ORG_ID,STREET_ADDRESS,STREET_ADDRESS_2,POSTAL_CODE_PLACE,COUNTRY_NAME) VALUES(11, 365,'Anzingerstr. 7a','','85560 Ebersberg','Tyskland');
INSERT INTO MUSARK_ACTOR.ORGANISATION_ADDRESS(ORGADDRESSID,ORG_ID,STREET_ADDRESS,STREET_ADDRESS_2,POSTAL_CODE_PLACE,COUNTRY_NAME) VALUES(12, 366,'Skovledet 30','','DK-2830 Virum','Danmark');
INSERT INTO MUSARK_ACTOR.ORGANISATION_ADDRESS(ORGADDRESSID,ORG_ID,STREET_ADDRESS,STREET_ADDRESS_2,POSTAL_CODE_PLACE,COUNTRY_NAME) VALUES(13, 367,'Institute of Archaeology, University College London','31-34, Gordon Sq,','London, WC1H 0PY','Storbritannia');
INSERT INTO MUSARK_ACTOR.ORGANISATION_ADDRESS(ORGADDRESSID,ORG_ID,STREET_ADDRESS,STREET_ADDRESS_2,POSTAL_CODE_PLACE,COUNTRY_NAME) VALUES(14, 368,'Universitetet i Bergen','Postboks 7800','5020 Bergen','Norge');
INSERT INTO MUSARK_ACTOR.ORGANISATION_ADDRESS(ORGADDRESSID,ORG_ID,STREET_ADDRESS,STREET_ADDRESS_2,POSTAL_CODE_PLACE,COUNTRY_NAME) VALUES(15, 369,'Uppsala University, Dept. of Organismal Biology','','75236 Uppsala','Sverige');
INSERT INTO MUSARK_ACTOR.ORGANISATION_ADDRESS(ORGADDRESSID,ORG_ID,STREET_ADDRESS,STREET_ADDRESS_2,POSTAL_CODE_PLACE,COUNTRY_NAME) VALUES(16, 370,'NTNU Vitenskapsmuseet','Institutt for arkeologi og kulturhistorie','7491 Trondheim','Norge');
INSERT INTO MUSARK_ACTOR.ORGANISATION_ADDRESS(ORGADDRESSID,ORG_ID,STREET_ADDRESS,STREET_ADDRESS_2,POSTAL_CODE_PLACE,COUNTRY_NAME) VALUES(17, 371,'Department of Anthropology, University of Washington','','Seattle','USA');
INSERT INTO MUSARK_ACTOR.ORGANISATION_ADDRESS(ORGADDRESSID,ORG_ID,STREET_ADDRESS,STREET_ADDRESS_2,POSTAL_CODE_PLACE,COUNTRY_NAME) VALUES(18, 372,'Geologiska institutionen, Laboratoriet för C14-datering','Sölvegatan 12','SE‐223 62 Lund','Sverige');
INSERT INTO MUSARK_ACTOR.ORGANISATION_ADDRESS(ORGADDRESSID,ORG_ID,STREET_ADDRESS,STREET_ADDRESS_2,POSTAL_CODE_PLACE,COUNTRY_NAME) VALUES(19, 373,'Meibergdreef 31','','1105 AZ, Amsterdam','Nederland');
INSERT INTO MUSARK_ACTOR.ORGANISATION_ADDRESS(ORGADDRESSID,ORG_ID,STREET_ADDRESS,STREET_ADDRESS_2,POSTAL_CODE_PLACE,COUNTRY_NAME) VALUES(20, 374,'','','','Sverige');
INSERT INTO MUSARK_ACTOR.ORGANISATION_ADDRESS(ORGADDRESSID,ORG_ID,STREET_ADDRESS,STREET_ADDRESS_2,POSTAL_CODE_PLACE,COUNTRY_NAME) VALUES(21, 375,'Umeå universitet','','901 87 Umeå','Sverige');
INSERT INTO MUSARK_ACTOR.ORGANISATION_ADDRESS(ORGADDRESSID,ORG_ID,STREET_ADDRESS,STREET_ADDRESS_2,POSTAL_CODE_PLACE,COUNTRY_NAME) VALUES(22, 376,'Afd. for Konservering og Naturvidenskab','Moesgaard Allé 15','DK-8270 Højbjerg','Danmark');
INSERT INTO MUSARK_ACTOR.ORGANISATION_ADDRESS(ORGADDRESSID,ORG_ID,STREET_ADDRESS,STREET_ADDRESS_2,POSTAL_CODE_PLACE,COUNTRY_NAME) VALUES(23, 377,'NTNU Vitenskapsmuseet','Institutt for naturhistorie','7491 Trondheim','Norge');
INSERT INTO MUSARK_ACTOR.ORGANISATION_ADDRESS(ORGADDRESSID,ORG_ID,STREET_ADDRESS,STREET_ADDRESS_2,POSTAL_CODE_PLACE,COUNTRY_NAME) VALUES(24, 378,'University of Stavanger','visit: Peder Klowsgt. 30A','4036 Stavanger','Norge');
INSERT INTO MUSARK_ACTOR.ORGANISATION_ADDRESS(ORGADDRESSID,ORG_ID,STREET_ADDRESS,STREET_ADDRESS_2,POSTAL_CODE_PLACE,COUNTRY_NAME) VALUES(25, 379,'NTNU Vitenskapsmuseet','','7491 Trondheim','Norge');
INSERT INTO MUSARK_ACTOR.ORGANISATION_ADDRESS(ORGADDRESSID,ORG_ID,STREET_ADDRESS,STREET_ADDRESS_2,POSTAL_CODE_PLACE,COUNTRY_NAME) VALUES(26, 380,'','','Oslo','Norge');
INSERT INTO MUSARK_ACTOR.ORGANISATION_ADDRESS(ORGADDRESSID,ORG_ID,STREET_ADDRESS,STREET_ADDRESS_2,POSTAL_CODE_PLACE,COUNTRY_NAME) VALUES(27, 381,'','','Stockholm','Sverige');
INSERT INTO MUSARK_ACTOR.ORGANISATION_ADDRESS(ORGADDRESSID,ORG_ID,STREET_ADDRESS,STREET_ADDRESS_2,POSTAL_CODE_PLACE,COUNTRY_NAME) VALUES(28, 382,'Tietgensgade 64, st. th','','1704  København V','Danmark');
INSERT INTO MUSARK_ACTOR.ORGANISATION_ADDRESS(ORGADDRESSID,ORG_ID,STREET_ADDRESS,STREET_ADDRESS_2,POSTAL_CODE_PLACE,COUNTRY_NAME) VALUES(29, 383,'','','Roskilde','Danmark');
INSERT INTO MUSARK_ACTOR.ORGANISATION_ADDRESS(ORGADDRESSID,ORG_ID,STREET_ADDRESS,STREET_ADDRESS_2,POSTAL_CODE_PLACE,COUNTRY_NAME) VALUES(30, 384,'Leiv Eirikssons vei 39, 70410 Trondheim','Postboks 6315 Sluppen','7491 Trondheim','Norge');
INSERT INTO MUSARK_ACTOR.ORGANISATION_ADDRESS(ORGADDRESSID,ORG_ID,STREET_ADDRESS,STREET_ADDRESS_2,POSTAL_CODE_PLACE,COUNTRY_NAME) VALUES(31, 385,'Medisinteknisk forskningssenter','Department of Cancer Research and Molecular Medicine','7489 Trondheim','Norge');
INSERT INTO MUSARK_ACTOR.ORGANISATION_ADDRESS(ORGADDRESSID,ORG_ID,STREET_ADDRESS,STREET_ADDRESS_2,POSTAL_CODE_PLACE,COUNTRY_NAME) VALUES(32, 386,'ul. Rubiez 46','','61-62 Poznan','Polen');
INSERT INTO MUSARK_ACTOR.ORGANISATION_ADDRESS(ORGADDRESSID,ORG_ID,STREET_ADDRESS,STREET_ADDRESS_2,POSTAL_CODE_PLACE,COUNTRY_NAME) VALUES(33, 387,'University of Oxford','','Oxford','Storbritannia');
INSERT INTO MUSARK_ACTOR.ORGANISATION_ADDRESS(ORGADDRESSID,ORG_ID,STREET_ADDRESS,STREET_ADDRESS_2,POSTAL_CODE_PLACE,COUNTRY_NAME) VALUES(34, 388,'Strandförskjutningskurva Langangen Telemark','','','Norge');
INSERT INTO MUSARK_ACTOR.ORGANISATION_ADDRESS(ORGADDRESSID,ORG_ID,STREET_ADDRESS,STREET_ADDRESS_2,POSTAL_CODE_PLACE,COUNTRY_NAME) VALUES(35, 389,'Thunbergsvägen 5B','','752 38 Uppsala Uppsala','Sverige');
INSERT INTO MUSARK_ACTOR.ORGANISATION_ADDRESS(ORGADDRESSID,ORG_ID,STREET_ADDRESS,STREET_ADDRESS_2,POSTAL_CODE_PLACE,COUNTRY_NAME) VALUES(36, 390,'','','75263 Uppsala','Sverige');
INSERT INTO MUSARK_ACTOR.ORGANISATION_ADDRESS(ORGADDRESSID,ORG_ID,STREET_ADDRESS,STREET_ADDRESS_2,POSTAL_CODE_PLACE,COUNTRY_NAME) VALUES(37, 391,'Miljöarkeologiska laboratoriet','','SE-901 87 Umeå','Sverige');
INSERT INTO MUSARK_ACTOR.ORGANISATION_ADDRESS(ORGADDRESSID,ORG_ID,STREET_ADDRESS,STREET_ADDRESS_2,POSTAL_CODE_PLACE,COUNTRY_NAME) VALUES(38, 392,'Universitetsmuseet, avdeling for naturhistorie','Postboks 7800','5700 Bergen','Norge');
INSERT INTO MUSARK_ACTOR.ORGANISATION_ADDRESS(ORGADDRESSID,ORG_ID,STREET_ADDRESS,STREET_ADDRESS_2,POSTAL_CODE_PLACE,COUNTRY_NAME) VALUES(39, 393,'Institute of Archaeology','31-34, Gordon Sq','London WC1H 0PY','Storbritannia');
INSERT INTO MUSARK_ACTOR.ORGANISATION_ADDRESS(ORGADDRESSID,ORG_ID,STREET_ADDRESS,STREET_ADDRESS_2,POSTAL_CODE_PLACE,COUNTRY_NAME) VALUES(40, 394,'Chemical Science for the Safeguard of Cultural Heritage Group','Via Giuseppe Moruzzi 13','56127 Pisa','talia');


--- INSERTING SAMPLE_TYPES

INSERT INTO MUSARK_ANALYSIS.SAMPLE_TYPE(sampletype_id,no_sampletype,en_sampletype,no_samplesubtype,en_samplesubtype)VALUES(1,'DNA-ekstrakt','DNA extract','aDNA','aDNA');
INSERT INTO MUSARK_ANALYSIS.SAMPLE_TYPE(sampletype_id,no_sampletype,en_sampletype,no_samplesubtype,en_samplesubtype)VALUES(2,'DNA-ekstrakt','DNA extract','eDNA','eDNA');
INSERT INTO MUSARK_ANALYSIS.SAMPLE_TYPE(sampletype_id,no_sampletype,en_sampletype,no_samplesubtype,en_samplesubtype)VALUES(3,'DNA-ekstrakt','DNA extract','gDNA','gDNA');
INSERT INTO MUSARK_ANALYSIS.SAMPLE_TYPE(sampletype_id,no_sampletype,en_sampletype,no_samplesubtype,en_samplesubtype)VALUES(4,'DNA-ekstrakt','DNA extract','rDNA','rDNA');
INSERT INTO MUSARK_ANALYSIS.SAMPLE_TYPE(sampletype_id,no_sampletype,en_sampletype,no_samplesubtype,en_samplesubtype)VALUES(5,'Vev','Tissue','Frø','Seed');
INSERT INTO MUSARK_ANALYSIS.SAMPLE_TYPE(sampletype_id,no_sampletype,en_sampletype,no_samplesubtype,en_samplesubtype)VALUES(6,'Levende individ','Living individual','','');
INSERT INTO MUSARK_ANALYSIS.SAMPLE_TYPE(sampletype_id,no_sampletype,en_sampletype,no_samplesubtype,en_samplesubtype)VALUES(7,'Parasitt','Parasite','Ektoparasitt','Ectoparasite');
INSERT INTO MUSARK_ANALYSIS.SAMPLE_TYPE(sampletype_id,no_sampletype,en_sampletype,no_samplesubtype,en_samplesubtype)VALUES(8,'Parasitt','Parasite','Endoparasitt','Endoparasite');
INSERT INTO MUSARK_ANALYSIS.SAMPLE_TYPE(sampletype_id,no_sampletype,en_sampletype,no_samplesubtype,en_samplesubtype)VALUES(9,'RNA-bibliotek','RNA library','','');
INSERT INTO MUSARK_ANALYSIS.SAMPLE_TYPE(sampletype_id,no_sampletype,en_sampletype,no_samplesubtype,en_samplesubtype)VALUES(10,'RNA-ekstrakt','RNA extract','','');
INSERT INTO MUSARK_ANALYSIS.SAMPLE_TYPE(sampletype_id,no_sampletype,en_sampletype,no_samplesubtype,en_samplesubtype)VALUES(11,'Vev','Tissue','Apothecia','Apothecia');
INSERT INTO MUSARK_ANALYSIS.SAMPLE_TYPE(sampletype_id,no_sampletype,en_sampletype,no_samplesubtype,en_samplesubtype)VALUES(12,'Vev','Tissue','Bein','Bone');
INSERT INTO MUSARK_ANALYSIS.SAMPLE_TYPE(sampletype_id,no_sampletype,en_sampletype,no_samplesubtype,en_samplesubtype)VALUES(13,'Vev','Tissue','Binde- og støttevev','Connective tissue');
INSERT INTO MUSARK_ANALYSIS.SAMPLE_TYPE(sampletype_id,no_sampletype,en_sampletype,no_samplesubtype,en_samplesubtype)VALUES(14,'Vev','Tissue','Blad','Leaf');
INSERT INTO MUSARK_ANALYSIS.SAMPLE_TYPE(sampletype_id,no_sampletype,en_sampletype,no_samplesubtype,en_samplesubtype)VALUES(15,'Vev','Tissue','Blod','Blood');
INSERT INTO MUSARK_ANALYSIS.SAMPLE_TYPE(sampletype_id,no_sampletype,en_sampletype,no_samplesubtype,en_samplesubtype)VALUES(16,'Vev','Tissue','Epitelvev','Epithelial tissue');
INSERT INTO MUSARK_ANALYSIS.SAMPLE_TYPE(sampletype_id,no_sampletype,en_sampletype,no_samplesubtype,en_samplesubtype)VALUES(17,'Vev','Tissue','Fjær','Feather');
INSERT INTO MUSARK_ANALYSIS.SAMPLE_TYPE(sampletype_id,no_sampletype,en_sampletype,no_samplesubtype,en_samplesubtype)VALUES(18,'Vev','Tissue','Føtter','Legs');
INSERT INTO MUSARK_ANALYSIS.SAMPLE_TYPE(sampletype_id,no_sampletype,en_sampletype,no_samplesubtype,en_samplesubtype)VALUES(19,'Vev','Tissue','Grunnvev','Ground tissue');
INSERT INTO MUSARK_ANALYSIS.SAMPLE_TYPE(sampletype_id,no_sampletype,en_sampletype,no_samplesubtype,en_samplesubtype)VALUES(20,'Vev','Tissue','Hale','Tail');
INSERT INTO MUSARK_ANALYSIS.SAMPLE_TYPE(sampletype_id,no_sampletype,en_sampletype,no_samplesubtype,en_samplesubtype)VALUES(21,'Vev','Tissue','Hjerne','Brain');
INSERT INTO MUSARK_ANALYSIS.SAMPLE_TYPE(sampletype_id,no_sampletype,en_sampletype,no_samplesubtype,en_samplesubtype)VALUES(22,'Vev','Tissue','Hudvev','Epidermis');
INSERT INTO MUSARK_ANALYSIS.SAMPLE_TYPE(sampletype_id,no_sampletype,en_sampletype,no_samplesubtype,en_samplesubtype)VALUES(23,'Vev','Tissue','Hår','Hair');
INSERT INTO MUSARK_ANALYSIS.SAMPLE_TYPE(sampletype_id,no_sampletype,en_sampletype,no_samplesubtype,en_samplesubtype)VALUES(24,'Vev','Tissue','Knokkel','Bone');
INSERT INTO MUSARK_ANALYSIS.SAMPLE_TYPE(sampletype_id,no_sampletype,en_sampletype,no_samplesubtype,en_samplesubtype)VALUES(25,'Vev','Tissue','Ledningsvev','Vascular tissue');
INSERT INTO MUSARK_ANALYSIS.SAMPLE_TYPE(sampletype_id,no_sampletype,en_sampletype,no_samplesubtype,en_samplesubtype)VALUES(26,'Vev','Tissue','Lever','Liver');
INSERT INTO MUSARK_ANALYSIS.SAMPLE_TYPE(sampletype_id,no_sampletype,en_sampletype,no_samplesubtype,en_samplesubtype)VALUES(27,'Vev','Tissue','Muskel','Muscle');
INSERT INTO MUSARK_ANALYSIS.SAMPLE_TYPE(sampletype_id,no_sampletype,en_sampletype,no_samplesubtype,en_samplesubtype)VALUES(28,'Vev','Tissue','Nervevev','Nervous tissue');
INSERT INTO MUSARK_ANALYSIS.SAMPLE_TYPE(sampletype_id,no_sampletype,en_sampletype,no_samplesubtype,en_samplesubtype)VALUES(29,'Vev','Tissue','Plasma','Plasma');
INSERT INTO MUSARK_ANALYSIS.SAMPLE_TYPE(sampletype_id,no_sampletype,en_sampletype,no_samplesubtype,en_samplesubtype)VALUES(30,'Vev','Tissue','Skinn','Skin');
INSERT INTO MUSARK_ANALYSIS.SAMPLE_TYPE(sampletype_id,no_sampletype,en_sampletype,no_samplesubtype,en_samplesubtype)VALUES(31,'Vev','Tissue','Soredia','Soredia');
INSERT INTO MUSARK_ANALYSIS.SAMPLE_TYPE(sampletype_id,no_sampletype,en_sampletype,no_samplesubtype,en_samplesubtype)VALUES(32,'Vev','Tissue','Testikkel','Testicle');
INSERT INTO MUSARK_ANALYSIS.SAMPLE_TYPE(sampletype_id,no_sampletype,en_sampletype,no_samplesubtype,en_samplesubtype)VALUES(33,'Vev','Tissue','Thallus','Thallus');
INSERT INTO MUSARK_ANALYSIS.SAMPLE_TYPE(sampletype_id,no_sampletype,en_sampletype,no_samplesubtype,en_samplesubtype)VALUES(34,'Vev','Tissue','Tåpute','Toe pad');
INSERT INTO MUSARK_ANALYSIS.SAMPLE_TYPE(sampletype_id,no_sampletype,en_sampletype,no_samplesubtype,en_samplesubtype)VALUES(35,'Vev','Tissue','Vinge','Wing');
INSERT INTO MUSARK_ANALYSIS.SAMPLE_TYPE(sampletype_id,no_sampletype,en_sampletype,no_samplesubtype,en_samplesubtype)VALUES(36,'Vev','Tissue','Øre','Ear');
INSERT INTO MUSARK_ANALYSIS.SAMPLE_TYPE(sampletype_id,no_sampletype,en_sampletype,no_samplesubtype,en_samplesubtype)VALUES(37,'Materiale','Material','','');
INSERT INTO MUSARK_ANALYSIS.SAMPLE_TYPE(sampletype_id,no_sampletype,en_sampletype,no_samplesubtype,en_samplesubtype) VALUES (38, 'Arkeologisk materiale', 'Archaeological material','leire ','clay');
INSERT INTO MUSARK_ANALYSIS.SAMPLE_TYPE(sampletype_id,no_sampletype,en_sampletype,no_samplesubtype,en_samplesubtype) VALUES (39, 'Arkeologisk materiale', 'Archaeological material','lerret','canvas');
INSERT INTO MUSARK_ANALYSIS.SAMPLE_TYPE(sampletype_id,no_sampletype,en_sampletype,no_samplesubtype,en_samplesubtype) VALUES (40, 'Arkeologisk materiale', 'Archaeological material','lin','flax');
INSERT INTO MUSARK_ANALYSIS.SAMPLE_TYPE(sampletype_id,no_sampletype,en_sampletype,no_samplesubtype,en_samplesubtype) VALUES (41, 'Arkeologisk materiale', 'Archaeological material','lær','leather');
INSERT INTO MUSARK_ANALYSIS.SAMPLE_TYPE(sampletype_id,no_sampletype,en_sampletype,no_samplesubtype,en_samplesubtype) VALUES (164,'Etnografisk materiale', 'Ethnografic material','agat','agate');
INSERT INTO MUSARK_ANALYSIS.SAMPLE_TYPE(sampletype_id,no_sampletype,en_sampletype,no_samplesubtype,en_samplesubtype) VALUES (165,'Etnografisk materiale', 'Ethnografic material','akryl','acrylic');
INSERT INTO MUSARK_ANALYSIS.SAMPLE_TYPE(sampletype_id,no_sampletype,en_sampletype,no_samplesubtype,en_samplesubtype) VALUES (166,'Etnografisk materiale', 'Ethnografic material','alabast','alabaster');
INSERT INTO MUSARK_ANALYSIS.SAMPLE_TYPE(sampletype_id,no_sampletype,en_sampletype,no_samplesubtype,en_samplesubtype) VALUES (167,'Etnografisk materiale', 'Ethnografic material','ametyst','amethyst');
INSERT INTO MUSARK_ANALYSIS.SAMPLE_TYPE(sampletype_id,no_sampletype,en_sampletype,no_samplesubtype,en_samplesubtype) VALUES (376,'Numismatisk materiale', 'Numismatic material','Porselen','Porcelain');
INSERT INTO MUSARK_ANALYSIS.SAMPLE_TYPE(sampletype_id,no_sampletype,en_sampletype,no_samplesubtype,en_samplesubtype) VALUES (377,'Numismatisk materiale', 'Numismatic material','Sink','Zink');
INSERT INTO MUSARK_ANALYSIS.SAMPLE_TYPE(sampletype_id,no_sampletype,en_sampletype,no_samplesubtype,en_samplesubtype) VALUES (378,'Numismatisk materiale', 'Numismatic material','Stål','Steel');
INSERT INTO MUSARK_ANALYSIS.SAMPLE_TYPE(sampletype_id,no_sampletype,en_sampletype,no_samplesubtype,en_samplesubtype) VALUES (380,'Sediment-/jordprøver',  'Sediment and soil samples', 'C/N prøver', 'C/N samples');
INSERT INTO MUSARK_ANALYSIS.SAMPLE_TYPE(sampletype_id,no_sampletype,en_sampletype,no_samplesubtype,en_samplesubtype) VALUES (381,'Sediment-/jordprøver',  'Sediment and soil samples', 'Jordmikromorfologiske prøver','Soil micromorphology samples');
INSERT INTO MUSARK_ANALYSIS.SAMPLE_TYPE(sampletype_id,no_sampletype,en_sampletype,no_samplesubtype,en_samplesubtype) VALUES (382,'Sediment-/jordprøver',  'Sediment and soil samples', 'Kornfordelingsprøver','Grain size distribution (GSD) samples');

-- ===========================================================================
-- Inserting test data
-- ===========================================================================

INSERT INTO musark_storage.storage_node (storage_node_uuid, storage_node_name, is_storage_unit, is_part_of, is_deleted, storage_type, node_path, museum_id, updated_by, updated_date) VALUES ('dca44956-40d0-48dc-bd0d-921b825ad019', 'Utviklingsmuseet', '1', NULL, 0, 'Root', ',1,', 99, '896125d3-0563-46b6-a7c5-51f3f899ff0a', TO_DATE('2016-01-01 00:00:00', 'YYYY-MM-DD HH24:MI:SS'));
INSERT INTO musark_storage.storage_node (storage_node_uuid, storage_node_name, is_storage_unit, is_part_of, is_deleted, storage_type, node_path, museum_id, updated_by, updated_date) VALUES ('b56b654a-6de3-442f-97af-ca6d806cc5a6', 'Utenfor museet', '1', NULL, 0, 'RootLoan', ',2,', 99, '896125d3-0563-46b6-a7c5-51f3f899ff0a', TO_DATE('2016-01-01 00:00:00', 'YYYY-MM-DD HH24:MI:SS'));
INSERT INTO musark_storage.storage_node (storage_node_uuid, storage_node_name, is_storage_unit, is_part_of, is_deleted, storage_type, node_path, museum_id, updated_by, updated_date) VALUES ('d3982b48-56c7-4d27-bc81-6e38b59d57ed', 'Utviklingsmuseet Org', '1', 1, 0, 'Organisation', ',1,3,', 99, 'd63ab290-2fab-42d2-9b57-2475dfbd0b3c', TO_DATE('2016-01-01 00:00:00', 'YYYY-MM-DD HH24:MI:SS'));
INSERT INTO musark_storage.storage_node (storage_node_uuid, storage_node_name, is_storage_unit, is_part_of, is_deleted, storage_type, node_path, museum_id, updated_by, updated_date) VALUES ('3562e09e-6cf4-4b27-acad-e655e771c016', 'Forskningens hus', '1', 3, 0, 'Building', ',1,3,4,', 99, 'd63ab290-2fab-42d2-9b57-2475dfbd0b3c', TO_DATE('2016-01-01 00:00:00', 'YYYY-MM-DD HH24:MI:SS'));
INSERT INTO musark_storage.storage_node (storage_node_uuid, storage_node_name, is_storage_unit, is_part_of, is_deleted, storage_type, node_path, museum_id, updated_by, updated_date) VALUES ('01134afe-b262-434b-a71f-8f697bc75e56', 'Kulturværelset', '1', 4, 0, 'Room', ',1,3,4,5,', 99, 'd63ab290-2fab-42d2-9b57-2475dfbd0b3c', TO_DATE('2016-01-01 00:00:00', 'YYYY-MM-DD HH24:MI:SS'));
INSERT INTO musark_storage.storage_node (storage_node_uuid, storage_node_name, is_storage_unit, is_part_of, is_deleted, storage_type, node_path, museum_id, updated_by, updated_date) VALUES ('244f09a3-eb1a-49e7-80ee-7a07baa016dd', 'Naturværelset', '1', 4, 0, 'Room', ',1,3,4,6,', 99, 'd63ab290-2fab-42d2-9b57-2475dfbd0b3c', TO_DATE('2016-01-01 00:00:00', 'YYYY-MM-DD HH24:MI:SS'));
INSERT INTO musark_storage.storage_node (storage_node_uuid, storage_node_name, is_storage_unit, is_part_of, is_deleted, storage_type, node_path, museum_id, updated_by, updated_date) VALUES ('6e5b9810-9bbf-464a-a0b9-c27f6095ba0c', 'Forskningsværelset', '1', 4, 0, 'Room', ',1,3,4,7,', 99, 'd63ab290-2fab-42d2-9b57-2475dfbd0b3c', TO_DATE('2016-01-01 00:00:00', 'YYYY-MM-DD HH24:MI:SS'));

INSERT INTO musark_storage.organisation (storage_node_id, postal_address) VALUES (3, NULL);
INSERT INTO musark_storage.building (storage_node_id, postal_address) VALUES (4, NULL);
INSERT INTO musark_storage.room (storage_node_id, perimeter_security, theft_protection, fire_protection, water_damage_assessment, routines_and_contingency_plan, relative_humidity, temperature_assessment, lighting_condition, preventive_conservation) VALUES (5, NULL, NULL, NULL, NULL, NULL, NULL, NULL, NULL, NULL);
INSERT INTO musark_storage.room (storage_node_id, perimeter_security, theft_protection, fire_protection, water_damage_assessment, routines_and_contingency_plan, relative_humidity, temperature_assessment, lighting_condition, preventive_conservation) VALUES (6, NULL, NULL, NULL, NULL, NULL, NULL, NULL, NULL, NULL);
INSERT INTO musark_storage.room (storage_node_id, perimeter_security, theft_protection, fire_protection, water_damage_assessment, routines_and_contingency_plan, relative_humidity, temperature_assessment, lighting_condition, preventive_conservation) VALUES (7, NULL, NULL, NULL, NULL, NULL, NULL, NULL, NULL, NULL);

-- Inserting default test users for the test museum
INSERT INTO musit_mapping.actor (actorname, dataporten_uuid, museum_id, application_uuid) VALUES ('Gjestebruker', '1a17c60c-755d-4d88-9449-12bbd5abe5e2', 99, '46e7d0fb-ca34-4603-b9c7-04aaaddffb72');
INSERT INTO musit_mapping.actor (actorname, dataporten_uuid, museum_id, application_uuid) VALUES ('Normalbruker', '3655615b-e385-4833-b414-9957ea225e58', 99, '1cfa0dd9-2515-4726-9ae9-d592f7090d4c');
INSERT INTO musit_mapping.actor (actorname, dataporten_uuid, museum_id, application_uuid) VALUES ('Super Duper User', '896125d3-0563-46b6-a7c5-51f3f899ff0a', 99, '9d7e4cdf-3a7a-47ed-aa4b-a70b847e7d7f');
INSERT INTO musit_mapping.actor (actorname, dataporten_uuid, museum_id, application_uuid) VALUES ('Stein A. Olsen', '34e74d46-d45c-49dc-ace7-587b0ff40646', 99, '450f20cc-17c5-4d9f-8d78-fbd5acdcc84a');
INSERT INTO musit_mapping.actor (actorname, dataporten_uuid, museum_id, application_uuid) VALUES ('Fake Musit Test User', '8efd41bb-bc58-4bbf-ac95-eea21ba9db81', 99, '5f5d3fc9-13b9-44c8-b4c6-fcee2d46b687');
INSERT INTO musit_mapping.actor (actorname, dataporten_uuid, museum_id, application_uuid) VALUES ('Dawn Williams', 'dd457c4e-668e-41c5-8820-168f816a531b', 99, 'ea8a9ce3-69fb-43c0-b5e4-90f7ec4444ef');
INSERT INTO musit_mapping.actor (actorname, dataporten_uuid, museum_id, application_uuid) VALUES ('Espen Uleberg', 'ca04b20e-5094-4b02-8b72-05ec629e7cb4', 99, '8fe8acbc-9391-453f-9973-c949d3323964');
INSERT INTO musit_mapping.actor (actorname, dataporten_uuid, museum_id, application_uuid) VALUES ('Heini Emilia Rämä', '54c2e6f8-53f6-46be-b029-6f01b4b97231', 99, '967ff75d-5bac-49e2-8bb8-fe81713367e7');
INSERT INTO musit_mapping.actor (actorname, dataporten_uuid, museum_id, application_uuid) VALUES ('Karstein Hårsaker', '71899f45-08da-48ef-b4c3-0f519d27157f', 99, 'b388e077-ace1-4d91-843e-7575fa1a24ab');
INSERT INTO musit_mapping.actor (actorname, dataporten_uuid, museum_id, application_uuid) VALUES ('Marielle Bergh', '064c9dff-9956-4f4e-b3f7-ed77b6e5bc62', 99, 'f35f603a-1231-4b20-b4d6-234b992135a1');
INSERT INTO musit_mapping.actor (actorname, dataporten_uuid, museum_id, application_uuid) VALUES ('Wenche Brun', 'e5bc8090-705d-40be-bcfa-2b351e7f2339', 99, 'acecdc06-ceb6-49f7-8d3d-1191c5bdbf04');
INSERT INTO musit_mapping.actor (actorname, dataporten_uuid, museum_id, application_uuid) VALUES ('Susan Matland', '6eb49c1b-82c7-478b-85e4-9d69d5a50057', 99, 'd848b866-b6bb-4da1-ab2c-429f8bbbb9c7');
INSERT INTO musit_mapping.actor (actorname, dataporten_uuid, museum_id, application_uuid) VALUES ('Kjell Gunnar Mobekk', '86626c72-2da2-4fa5-969b-8226a4141dcf', 99, '409aa92d-957f-4d9f-8192-2b1c34f0df10');
INSERT INTO musit_mapping.actor (actorname, dataporten_uuid, museum_id, application_uuid) VALUES ('Line Arild Sjo', '4acad74e-eb4d-4632-be84-7ada5fef1074', 99, '1bd9e24d-d800-455e-820e-a93a1bc71ff3');

INSERT INTO musit_mapping.musitthing (musitthing_uuid, object_id, museumno, subno, term, museumnoasnumber, subnoasnumber, museumid, old_schemaname, new_collection_id, updated_date, mainObject_id) VALUES ('ad1b5287-0168-4343-b3df-a477de113bee', 1, 'MusK58', '1', 'Rar dings', 58, 1, 99, 'USD_ARK_GJENSTAND_O', 1, current_timestamp, 1);
INSERT INTO musit_mapping.musitthing (musitthing_uuid, object_id, museumno, subno, term, museumnoasnumber, subnoasnumber, museumid, old_schemaname, new_collection_id, updated_date, mainObject_id) VALUES ('adea8141-8099-4f67-bff9-ea5090e18335', 2, 'MusK58', '2', 'Mansjettknapp', 58, 2, 99, 'USD_ARK_GJENSTAND_O', 1, current_timestamp, 1);
INSERT INTO musit_mapping.musitthing (musitthing_uuid, object_id, museumno, subno, term, museumnoasnumber, subnoasnumber, museumid, old_schemaname, new_collection_id, updated_date, mainObject_id) VALUES ('798181c9-a6d9-46d7-8d71-b39d4f3e0c96', 3, 'MusK58', '3', 'Spenne', 58, 3, 99, 'USD_ARK_GJENSTAND_O', 1, current_timestamp, 1);
INSERT INTO musit_mapping.musitthing (musitthing_uuid, object_id, museumno, subno, term, museumnoasnumber, subnoasnumber, museumid, old_schemaname, new_collection_id, updated_date, mainObject_id) VALUES ('e1f5efa5-4c91-4c5d-83a7-280c6d2f0e05', 4, 'MusK58', '4', 'Briller', 58, 4, 99, 'USD_ARK_GJENSTAND_O', 1, current_timestamp, 1);
INSERT INTO musit_mapping.musitthing (musitthing_uuid, object_id, museumno, subno, term, museumnoasnumber, subnoasnumber, museumid, old_schemaname, new_collection_id, updated_date) VALUES                ('ea8d4eb5-4289-4a51-9dcd-559a98a3476e', 5, 'MusN36', '1', 'Husflue', 36, 1, 99, 'MUSIT_BOTANIKK_ENTOMOLOGI', 2, current_timestamp);
INSERT INTO musit_mapping.musitthing (musitthing_uuid, object_id, museumno, subno, term, museumnoasnumber, subnoasnumber, museumid, old_schemaname, new_collection_id, updated_date) VALUES                ('7a5822c4-2eee-4de2-b99c-9d70ff035794', 6, 'MusN45', NULL, 'Dyngebille', 45, NULL, 99, 'MUSIT_BOTANIKK_ENTOMOLOGI', 2, current_timestamp);
INSERT INTO musit_mapping.musitthing (musitthing_uuid, object_id, museumno, subno, term, museumnoasnumber, subnoasnumber, museumid, old_schemaname, new_collection_id, updated_date) VALUES                ('b20a115d-060a-4c1d-9637-854b2a5bfd20', 7, 'MusN36', '2', 'Spyflue', 36, 2, 99, 'MUSIT_BOTANIKK_ENTOMOLOGI', 2, current_timestamp);
INSERT INTO musit_mapping.musitthing (musitthing_uuid, object_id, museumno, subno, term, museumnoasnumber, subnoasnumber, museumid, old_schemaname, new_collection_id, updated_date) VALUES                ('41be3c71-a71b-486d-a265-c3a92672f4cf', 8, 'MusN37', NULL, 'Bendelorm', 37, NULL, 99, 'MUSIT_BOTANIKK_ENTOMOLOGI', 2, current_timestamp);
INSERT INTO musit_mapping.musitthing (musitthing_uuid, object_id, museumno, subno, term, museumnoasnumber, subnoasnumber, museumid, old_schemaname, new_collection_id, updated_date) VALUES                ('1c9c91f5-127a-4baf-8c0e-ed37d53f944b', 9, 'MusN28', NULL, 'Tusenben', 28, NULL, 99, 'MUSIT_BOTANIKK_ENTOMOLOGI', 2, current_timestamp);
INSERT INTO musit_mapping.musitthing (musitthing_uuid, object_id, museumno, subno, term, museumnoasnumber, subnoasnumber, museumid, old_schemaname, new_collection_id, updated_date) VALUES                ('4e7c4cb8-813c-4957-a066-bc48949d191f', 10, 'MusK400', NULL, 'Brynje', 400, NULL, 99, 'USD_ARK_GJENSTAND_O', 1, current_timestamp);
INSERT INTO musit_mapping.musitthing (musitthing_uuid, object_id, museumno, subno, term, museumnoasnumber, subnoasnumber, museumid, old_schemaname, new_collection_id, updated_date) VALUES                ('474b7e57-bd9f-4ae0-a817-149bb9b3f2b5', 11, 'MusN337', NULL, 'Sommerfulgvinge', 337, NULL, 99, 'MUSIT_BOTANIKK_ENTOMOLOGI', 2, current_timestamp);
INSERT INTO musit_mapping.musitthing (musitthing_uuid, object_id, museumno, subno, term, museumnoasnumber, subnoasnumber, museumid, old_schemaname, new_collection_id, updated_date) VALUES                ('b087d71b-402b-4f8a-9c3d-e7c25c07d9a2', 12, 'MusN77', NULL, 'Lavastein', 77, NULL, 99, 'USD_ARK_GJENSTAND_O', 1, current_timestamp);
INSERT INTO musit_mapping.musitthing (musitthing_uuid, object_id, museumno, subno, term, museumnoasnumber, subnoasnumber, museumid, old_schemaname, new_collection_id, updated_date) VALUES                ('43f07251-7e24-4768-8618-aa500b7c21a6', 13, 'MusK43', NULL, 'Krakk', 43, NULL, 99, 'USD_ARK_GJENSTAND_O', 1, current_timestamp);
INSERT INTO musit_mapping.musitthing (musitthing_uuid, object_id, museumno, subno, term, museumnoasnumber, subnoasnumber, museumid, old_schemaname, new_collection_id, updated_date) VALUES                ('a982bcc0-133c-4af8-99cc-f02df98c2b0b', 14, 'MusK23', NULL, 'Lite skaft av ben', 23, NULL, 99, 'USD_ARK_GJENSTAND_O', 1, current_timestamp);
INSERT INTO musit_mapping.musitthing (musitthing_uuid, object_id, museumno, subno, term, museumnoasnumber, subnoasnumber, museumid, old_schemaname, new_collection_id, updated_date) VALUES                ('9b3db5e1-f510-438c-a319-112faf7673c7', 15, 'MusK24', 'a', 'Lendeklede', 24, NULL, 99, 'USD_ARK_GJENSTAND_O', 1, current_timestamp);
INSERT INTO musit_mapping.musitthing (musitthing_uuid, object_id, museumno, subno, term, museumnoasnumber, subnoasnumber, museumid, old_schemaname, new_collection_id, updated_date) VALUES                ('6186c46c-b82f-42ce-82ed-5d408a318623', 16, 'MusK24', 'b', 'Kokekar', 24, NULL, 99, 'USD_ARK_GJENSTAND_O', 1, current_timestamp);
INSERT INTO musit_mapping.musitthing (musitthing_uuid, object_id, museumno, subno, term, museumnoasnumber, subnoasnumber, museumid, old_schemaname, new_collection_id, updated_date) VALUES                ('fa32417b-89ec-4d27-8f4b-27f3a2b03583', 17, 'MusN21', '2', 'Snilebille', 21, 2, 99, 'MUSIT_BOTANIKK_ENTOMOLOGI', 2, current_timestamp);
INSERT INTO musit_mapping.musitthing (musitthing_uuid, object_id, museumno, subno, term, museumnoasnumber, subnoasnumber, museumid, old_schemaname, new_collection_id, updated_date) VALUES                ('ac21e1db-9f78-4df5-adf7-92bc5d5081a3', 18, 'MusN22', NULL, 'Fluesopp', 22, NULL, 99, 'MUSIT_BOTANIKK_SOPP', 5, current_timestamp);
INSERT INTO musit_mapping.musitthing (musitthing_uuid, object_id, museumno, subno, term, museumnoasnumber, subnoasnumber, museumid, old_schemaname, new_collection_id, updated_date) VALUES                ('788136fe-8038-47fc-9c59-9ddb010e0f74', 19, 'MusN20', NULL, 'Ukjent mygg', 20, NULL, 99, 'MUSIT_BOTANIKK_ENTOMOLOGI', 2, current_timestamp);
INSERT INTO musit_mapping.musitthing (musitthing_uuid, object_id, museumno, subno, term, museumnoasnumber, subnoasnumber, museumid, old_schemaname, new_collection_id, updated_date) VALUES                ('fa2303c6-657d-4036-a985-c139381f197a', 20, 'MusK33', NULL, 'Bronsjespenne', 33, NULL, 99, 'USD_ARK_GJENSTAND_O', 1, current_timestamp);
INSERT INTO musit_mapping.musitthing (musitthing_uuid, object_id, museumno, subno, term, museumnoasnumber, subnoasnumber, museumid, old_schemaname, new_collection_id, updated_date) VALUES                ('5cdb4e07-8e18-4652-9501-3142991e0baa', 21, 'MusK34', 'a', 'Kniv', 34, NULL, 99, 'USD_ARK_GJENSTAND_O', 1, current_timestamp);
INSERT INTO musit_mapping.musitthing (musitthing_uuid, object_id, museumno, subno, term, museumnoasnumber, subnoasnumber, museumid, old_schemaname, new_collection_id, updated_date) VALUES                ('f1692d6b-02f0-453b-a0fd-ed50ba6e0cf7', 22, 'MusK34', 'b', 'Spydspiss', 34, NULL, 99, 'USD_ARK_GJENSTAND_O', 1, current_timestamp);
INSERT INTO musit_mapping.musitthing (musitthing_uuid, object_id, museumno, subno, term, museumnoasnumber, subnoasnumber, museumid, old_schemaname, new_collection_id, updated_date) VALUES                ('13c3baa3-d9ca-41b3-9431-ba632edd0796', 23, 'MusN31', '2', 'Vakker blomst', 31, 2, 99, 'MUSIT_BOTANIKK_FELLES', 8, current_timestamp);
INSERT INTO musit_mapping.musitthing (musitthing_uuid, object_id, museumno, subno, term, museumnoasnumber, subnoasnumber, museumid, old_schemaname, new_collection_id, updated_date) VALUES                ('3dc0ab82-fa0f-415f-a558-92432106fa56', 24, 'MusN32', NULL, 'Museskjelett', 32, NULL, 99, 'MUSIT_BOTNAIKK_ENTOMOLOGI', 2, current_timestamp);
INSERT INTO musit_mapping.musitthing (musitthing_uuid, object_id, museumno, subno, term, museumnoasnumber, subnoasnumber, museumid, old_schemaname, new_collection_id, updated_date) VALUES                ('cda411ac-b3eb-4b21-813e-0c9f574ced91', 25, 'MusN30', NULL, 'Merkelig fisk', 30, NULL, 99, 'MUSIT_BOTNAIKK_ENTOMOLOGI', 2, current_timestamp);
INSERT INTO musit_mapping.musitthing (musitthing_uuid, object_id, museumno, subno, term, museumnoasnumber, subnoasnumber, museumid, old_schemaname, new_collection_id, updated_date) VALUES                ('a59bc2c2-7415-4392-8676-610b77467727', 26, 'MusK313', NULL, 'Leirkrukke', 313, NULL, 99, 'USD_ARK_GJENSTAND_O', 1, current_timestamp);
INSERT INTO musit_mapping.musitthing (musitthing_uuid, object_id, museumno, subno, term, museumnoasnumber, subnoasnumber, museumid, old_schemaname, new_collection_id, updated_date) VALUES                ('6bc70085-b3f8-467c-a8ee-c3c3783ac44d', 27, 'MusK314', 'a', 'Flintavslag', 314, NULL, 99, 'USD_ARK_GJENSTAND_O', 1, current_timestamp);
INSERT INTO musit_mapping.musitthing (musitthing_uuid, object_id, museumno, subno, term, museumnoasnumber, subnoasnumber, museumid, old_schemaname, new_collection_id, updated_date) VALUES                ('ba56a4f6-b907-4158-9a67-bca6080320bb', 28, 'MusK314', 'b', 'Runeskrift', 314, NULL, 99, 'USD_ARK_GJENSTAND_O', 1, current_timestamp);
INSERT INTO musit_mapping.musitthing (musitthing_uuid, object_id, museumno, subno, term, museumnoasnumber, subnoasnumber, museumid, old_schemaname, new_collection_id, updated_date) VALUES                ('80bcfc63-3058-4d4b-bcde-e0935d0c0ed8', 29, 'MusN311', '2', 'Steinskrubb', 311, 2, 99, 'USD_ARK_GJENSTAND_O', 1, current_timestamp);
INSERT INTO musit_mapping.musitthing (musitthing_uuid, object_id, museumno, subno, term, museumnoasnumber, subnoasnumber, museumid, old_schemaname, new_collection_id, updated_date) VALUES                ('b7a9456f-0a42-4a5b-ab7f-da30eb92a01e', 30, 'MusN312', NULL, 'Eggeskall av skjelden fugl', 312, NULL, 99, 'MUSIT_BOTANIKK_ENTOMOLOGI', 2, current_timestamp);
INSERT INTO musit_mapping.musitthing (musitthing_uuid, object_id, museumno, subno, term, museumnoasnumber, subnoasnumber, museumid, old_schemaname, new_collection_id, updated_date) VALUES                ('a0174a00-fd0b-4a49-903e-2ea6027a02a3', 31, 'MusN310', NULL, 'Barkebille', 310, NULL, 99, 'MUSIT_BOTANIKK_ENTOMOLOGI', 2, current_timestamp);
INSERT INTO musit_mapping.musitthing (musitthing_uuid, object_id, museumno, subno, term, museumnoasnumber, subnoasnumber, museumid, old_schemaname, new_collection_id, updated_date) VALUES                ('5f39a555-dcb1-40c2-9389-396704ce372f', 32, 'MusK503', NULL, 'Medisintromme', 503, NULL, 99, 'USD_ARK_GJENSTAND_O', 1, current_timestamp);
INSERT INTO musit_mapping.musitthing (musitthing_uuid, object_id, museumno, subno, term, museumnoasnumber, subnoasnumber, museumid, old_schemaname, new_collection_id, updated_date) VALUES                ('6d8bfa00-3be0-4cf7-ad53-0191eeecf07a', 33, 'MusK504', 'a', 'Perle av stein', 504, NULL, 99, 'USD_ARK_GJENSTAND_O', 1, current_timestamp);
INSERT INTO musit_mapping.musitthing (musitthing_uuid, object_id, museumno, subno, term, museumnoasnumber, subnoasnumber, museumid, old_schemaname, new_collection_id, updated_date) VALUES                ('1e4f7120-0696-47c8-a628-9fcbd170ab8c', 34, 'MusK504', 'b', 'Smykkeanheng av rav', 504, NULL, 99, 'USD_ARK_GJENSTAND_O', 1, current_timestamp);
INSERT INTO musit_mapping.musitthing (musitthing_uuid, object_id, museumno, subno, term, museumnoasnumber, subnoasnumber, museumid, old_schemaname, new_collection_id, updated_date) VALUES                ('d24933c0-16ea-4f43-aa47-dd8454663ff4', 35, 'MusN501', '2', 'Sikamygg', 501, 2, 99, 'MUSIT_BOTANIKK_ENTOMOLOGI', 2, current_timestamp);
INSERT INTO musit_mapping.musitthing (musitthing_uuid, object_id, museumno, subno, term, museumnoasnumber, subnoasnumber, museumid, old_schemaname, new_collection_id, updated_date) VALUES                ('3961fb9c-539a-4aee-98d1-e76c35ac33ef', 36, 'MusN502', NULL, 'Markblomst', 502, NULL, 99, 'MUSIT_BOTANIKK_FELLES', 8, current_timestamp);
INSERT INTO musit_mapping.musitthing (musitthing_uuid, object_id, museumno, subno, term, museumnoasnumber, subnoasnumber, museumid, old_schemaname, new_collection_id, updated_date) VALUES                ('801b9124-347c-424e-bfe9-1a28042aae89', 37, 'MusN500', NULL, 'Furukvist', 500, NULL, 99, 'MUSIT_BOTANIKK_FELLES', 8, current_timestamp);
INSERT INTO musit_mapping.musitthing (musitthing_uuid, object_id, museumno, subno, term, museumnoasnumber, subnoasnumber, museumid, old_schemaname, new_collection_id, updated_date) VALUES                ('77416137-83b8-41e8-94a5-0fb29c3ed9fb', 38, 'MusK73', NULL, 'Nikkelmynt', 73, NULL, 99, 'USD_NUMISMATIKK', 3, current_timestamp);
INSERT INTO musit_mapping.musitthing (musitthing_uuid, object_id, museumno, subno, term, museumnoasnumber, subnoasnumber, museumid, old_schemaname, new_collection_id, updated_date) VALUES                ('0f508959-9168-4d84-a903-2947a6a7c93f', 39, 'MusK74', 'a', 'Krukke med hank', 74, NULL, 99, 'USD_ARK_GJENSTAND_O', 1, current_timestamp);
INSERT INTO musit_mapping.musitthing (musitthing_uuid, object_id, museumno, subno, term, museumnoasnumber, subnoasnumber, museumid, old_schemaname, new_collection_id, updated_date) VALUES                ('d2814501-6b09-4a01-b11c-8248d32e969b', 40, 'MusK74', 'b', 'Lokk til krukke', 74, NULL, 99, 'USD_ARK_GJENSTAND_O', 1, current_timestamp);
INSERT INTO musit_mapping.musitthing (musitthing_uuid, object_id, museumno, subno, term, museumnoasnumber, subnoasnumber, museumid, old_schemaname, new_collection_id, updated_date) VALUES                ('31516d76-9af3-49e1-8669-0b4590bfdd58', 41, 'MusK71', NULL, 'Skje av fugleben', 71, NULL, 99, 'USD_ARK_GJENSTAND_O', 1, current_timestamp);
INSERT INTO musit_mapping.musitthing (musitthing_uuid, object_id, museumno, subno, term, museumnoasnumber, subnoasnumber, museumid, old_schemaname, new_collection_id, updated_date) VALUES                ('b5cca71e-4b52-4d28-9c6b-66a5a003425c', 42, 'MusK72', 'a', 'Hellerisning, del 1', 72, NULL, 99, 'USD_ARK_GJENSTAND_O', 1, current_timestamp);
INSERT INTO musit_mapping.musitthing (musitthing_uuid, object_id, museumno, subno, term, museumnoasnumber, subnoasnumber, museumid, old_schemaname, new_collection_id, updated_date) VALUES                ('1b937590-39bf-443f-aa0b-5bf634d8582d', 43, 'MusK72', 'b', 'Hellerisning, del 2', 72, NULL, 99, 'USD_ARK_GJENSTAND_O', 1, current_timestamp);
INSERT INTO musit_mapping.musitthing (musitthing_uuid, object_id, museumno, subno, term, museumnoasnumber, subnoasnumber, museumid, old_schemaname, new_collection_id, updated_date) VALUES                ('43fd3bea-5d28-41ec-84b8-94654ad440db', 44, 'MusN81', '2', 'Fiskeskinn av brosme', 81, 2, 99, 'USD_ARK_GJENSTAND_O', 1, current_timestamp);
INSERT INTO musit_mapping.musitthing (musitthing_uuid, object_id, museumno, subno, term, museumnoasnumber, subnoasnumber, museumid, old_schemaname, new_collection_id, updated_date) VALUES                ('38014e36-69e0-459b-b026-41e345b52ee8', 45, 'MusN81', '3', 'Fiskeskinn av lange', 81, 3, 99, 'USD_ARK_GJENSTAND_O', 1, current_timestamp);
INSERT INTO musit_mapping.musitthing (musitthing_uuid, object_id, museumno, subno, term, museumnoasnumber, subnoasnumber, museumid, old_schemaname, new_collection_id, updated_date) VALUES                ('28dbd427-b8c5-4270-b437-d67264bfe9a8', 46, 'MusN82', NULL, 'Skjelett av flygefisk', 82, NULL, 99, 'USD_ARK_GJENSTAND_O', 1, current_timestamp);
INSERT INTO musit_mapping.musitthing (musitthing_uuid, object_id, museumno, subno, term, museumnoasnumber, subnoasnumber, museumid, old_schemaname, new_collection_id, updated_date) VALUES                ('b200442d-8f25-41ff-8286-cc1f9efe5008', 47, 'MusN80', NULL, 'Smygemaur', 80, NULL, 99, 'MUSIT_BOTANIKK_ENTOMOLOGI', 2, current_timestamp);
INSERT INTO musit_mapping.musitthing (musitthing_uuid, object_id, museumno, subno, term, museumnoasnumber, subnoasnumber, museumid, old_schemaname, new_collection_id, updated_date) VALUES                ('991ebf43-11a7-4502-abe5-b11e1b638ec3', 48, 'MusN83', '2', 'Vaskebille', 83, 2, 99, 'MUSIT_BOTANIKK_ENTOMOLOGI', 2, current_timestamp);
INSERT INTO musit_mapping.musitthing (musitthing_uuid, object_id, museumno, subno, term, museumnoasnumber, subnoasnumber, museumid, old_schemaname, new_collection_id, updated_date) VALUES                ('7970b764-2b56-40fe-bcd2-6feffbffaa96', 49, 'MusN87', NULL, 'Karpatplante', 87, NULL, 99, 'MUSIT_BOTANIKK_FELLES', 8, current_timestamp);
INSERT INTO musit_mapping.musitthing (musitthing_uuid, object_id, museumno, subno, term, museumnoasnumber, subnoasnumber, museumid, old_schemaname, new_collection_id, updated_date) VALUES                ('1dbb1a09-367f-4b64-a029-a2981d7fa6ec', 50, 'MusK105', NULL, 'Pilspiss', 105, NULL, 99, 'USD_ARK_GJENSTAND_O', 1, current_timestamp);
INSERT INTO musit_mapping.musitthing (musitthing_uuid, object_id, museumno, subno, term, museumnoasnumber, subnoasnumber, museumid, old_schemaname, new_collection_id, updated_date) VALUES                ('12080e3e-2ca2-41b1-9d4a-4d72e292dcd8', 51, 'MusN11', NULL, 'Solsikke', 11, NULL, 99, 'MUSIT_BOTANIKK_FELLES', 8, current_timestamp);
INSERT INTO musit_mapping.musitthing (musitthing_uuid, object_id, museumno, subno, term, museumnoasnumber, subnoasnumber, museumid, old_schemaname, new_collection_id, updated_date) VALUES                ('620c7e03-6bf3-4f48-8d2b-c0c6e4bd6c09', 52, 'MusN55', NULL, 'Pungdyrskjelett', 55, NULL, 99, 'MUSIT_BOTANIKK_ENTOMOLOGI', 2, current_timestamp);
INSERT INTO musit_mapping.musitthing (musitthing_uuid, object_id, museumno, subno, term, museumnoasnumber, subnoasnumber, museumid, old_schemaname, new_collection_id, updated_date) VALUES                ('42cfdae4-2fd4-4102-8ad6-d9e504f9fd33', 53, 'MusK113', NULL, 'Fin bendings', 113, NULL, 99, 'USD_ARK_GJENSTAND_O', 1, current_timestamp);
INSERT INTO musit_mapping.musitthing (musitthing_uuid, object_id, museumno, subno, term, museumnoasnumber, subnoasnumber, museumid, old_schemaname, new_collection_id, updated_date) VALUES                ('aba6a67c-f742-4a44-b13e-0415ec1abb2a', 54, 'MusN13', NULL, 'Makrellsopp', 13, NULL, 99, 'MUSIT_BOTANIKK_SOPP', 6, current_timestamp);
INSERT INTO musit_mapping.musitthing (musitthing_uuid, object_id, museumno, subno, term, museumnoasnumber, subnoasnumber, museumid, old_schemaname, new_collection_id, updated_date) VALUES                ('59df0090-aff2-4a82-8968-bfa06c2df861', 55, 'MusK108', NULL, 'Skinnpung', 108, NULL, 99, 'USD_ARK_GJENSTAND_O', 1, current_timestamp);


-- INSERTING EVENT TYPES / CONSERVATION TYPES
INSERT INTO MUSARK_CONSERVATION.EVENT_TYPE (no_name, en_name, collections, extra_description_type, extra_description_attributes) VALUES ('konserveringsprosess', 'conservation process',NULL, NULL, NULL);
INSERT INTO MUSARK_CONSERVATION.EVENT_TYPE (no_name, en_name, collections, extra_description_type, extra_description_attributes) VALUES ('behandling','treatment', 'ba3d4d30-810b-4c07-81b3-37751f2196f0', NULL, NULL);
INSERT INTO MUSARK_CONSERVATION.EVENT_TYPE (no_name, en_name, collections, extra_description_type, extra_description_attributes) VALUES ('teknisk beskrivelse', 'technical description',NULL, NULL, NULL);
INSERT INTO MUSARK_CONSERVATION.EVENT_TYPE (no_name, en_name, collections, extra_description_type, extra_description_attributes) VALUES ('oppvevaring og håndtering', 'storage and handling',NULL, NULL, NULL);
INSERT INTO MUSARK_CONSERVATION.EVENT_TYPE (no_name, en_name, collections, extra_description_type, extra_description_attributes) VALUES ('HMS-risikoangivelse', 'HSE risk assessment', 'ba3d4d30-810b-4c07-81b3-37751f2196f0', NULL, NULL);
INSERT INTO MUSARK_CONSERVATION.EVENT_TYPE (no_name, en_name, collections, extra_description_type, extra_description_attributes) VALUES ('tilstandsvurdering', 'condition assessment', 'ba3d4d30-810b-4c07-81b3-37751f2196f0', NULL, NULL);
INSERT INTO MUSARK_CONSERVATION.EVENT_TYPE (no_name, en_name, collections, extra_description_type, extra_description_attributes) VALUES ('rapport', 'report', 'ba3d4d30-810b-4c07-81b3-37751f2196f0', NULL, NULL);



-- INSERTING TREATMENT MATERIALS
INSERT INTO MUSARK_CONSERVATION.TREATMENT_MATERIAL(no_material, en_material) VALUES('Sitronsyre','Sitronsyre');
INSERT INTO MUSARK_CONSERVATION.TREATMENT_MATERIAL(no_material, en_material) VALUES('Klucel EF','Klucel EF');
INSERT INTO MUSARK_CONSERVATION.TREATMENT_MATERIAL(no_material, en_material) VALUES('Klucel G','Klucel G');
INSERT INTO MUSARK_CONSERVATION.TREATMENT_MATERIAL(no_material, en_material) VALUES('Lascaux Medium for konsolidering','Lascaux Medium for konsolidering');
INSERT INTO MUSARK_CONSERVATION.TREATMENT_MATERIAL(no_material, en_material) VALUES('Aceton','Aceton');
INSERT INTO MUSARK_CONSERVATION.TREATMENT_MATERIAL(no_material, en_material) VALUES('Rochelle salt','Rochelle salt');
INSERT INTO MUSARK_CONSERVATION.TREATMENT_MATERIAL(no_material, en_material) VALUES('Aluminiumsoksid','Aluminiumsoksid');
INSERT INTO MUSARK_CONSERVATION.TREATMENT_MATERIAL(no_material, en_material) VALUES('Ammoniakk','Ammoniakk');
INSERT INTO MUSARK_CONSERVATION.TREATMENT_MATERIAL(no_material, en_material) VALUES('Ammoniumhydroksid','Ammoniumhydroksid');
INSERT INTO MUSARK_CONSERVATION.TREATMENT_MATERIAL(no_material, en_material) VALUES('Benzen','Benzen');
INSERT INTO MUSARK_CONSERVATION.TREATMENT_MATERIAL(no_material, en_material) VALUES('Benzotriasol (BTA)','Benzotriasol (BTA)');
INSERT INTO MUSARK_CONSERVATION.TREATMENT_MATERIAL(no_material, en_material) VALUES('Cellulosenitrat','Cellulosenitrat');
INSERT INTO MUSARK_CONSERVATION.TREATMENT_MATERIAL(no_material, en_material) VALUES('Kolofonium','Kolofonium');
INSERT INTO MUSARK_CONSERVATION.TREATMENT_MATERIAL(no_material, en_material) VALUES('Cyanoakrylat (superlim)','Cyanoakrylat (superlim)');
INSERT INTO MUSARK_CONSERVATION.TREATMENT_MATERIAL(no_material, en_material) VALUES('Eddiksyre','Eddiksyre');
INSERT INTO MUSARK_CONSERVATION.TREATMENT_MATERIAL(no_material, en_material) VALUES('EDTA-Na2','EDTA-Na2');
INSERT INTO MUSARK_CONSERVATION.TREATMENT_MATERIAL(no_material, en_material) VALUES('EDTA','EDTA');
INSERT INTO MUSARK_CONSERVATION.TREATMENT_MATERIAL(no_material, en_material) VALUES('Epoxylim','Epoxylim');
INSERT INTO MUSARK_CONSERVATION.TREATMENT_MATERIAL(no_material, en_material) VALUES('Etanol','Etanol');
INSERT INTO MUSARK_CONSERVATION.TREATMENT_MATERIAL(no_material, en_material) VALUES('Smeltelim (EVA)','Smeltelim (EVA)');
INSERT INTO MUSARK_CONSERVATION.TREATMENT_MATERIAL(no_material, en_material) VALUES('Fosforsyre','Fosforsyre');
INSERT INTO MUSARK_CONSERVATION.TREATMENT_MATERIAL(no_material, en_material) VALUES('Gasil 23','Gasil 23');
INSERT INTO MUSARK_CONSERVATION.TREATMENT_MATERIAL(no_material, en_material) VALUES('Gips','Gips');
INSERT INTO MUSARK_CONSERVATION.TREATMENT_MATERIAL(no_material, en_material) VALUES('Glassfibervev','Glassfibervev');
INSERT INTO MUSARK_CONSERVATION.TREATMENT_MATERIAL(no_material, en_material) VALUES('Glasspulver','Glasspulver');
INSERT INTO MUSARK_CONSERVATION.TREATMENT_MATERIAL(no_material, en_material) VALUES('Glycerin','Glycerin');
INSERT INTO MUSARK_CONSERVATION.TREATMENT_MATERIAL(no_material, en_material) VALUES('Hydrogenperoksid','Hydrogenperoksid');
INSERT INTO MUSARK_CONSERVATION.TREATMENT_MATERIAL(no_material, en_material) VALUES('Incralac','Incralac');
INSERT INTO MUSARK_CONSERVATION.TREATMENT_MATERIAL(no_material, en_material) VALUES('Isopropanol','Isopropanol');
INSERT INTO MUSARK_CONSERVATION.TREATMENT_MATERIAL(no_material, en_material) VALUES('Japanpapir','Japanpapir');
INSERT INTO MUSARK_CONSERVATION.TREATMENT_MATERIAL(no_material, en_material) VALUES('Lissapol N','Lissapol N');
INSERT INTO MUSARK_CONSERVATION.TREATMENT_MATERIAL(no_material, en_material) VALUES('Maursyre','Maursyre');
INSERT INTO MUSARK_CONSERVATION.TREATMENT_MATERIAL(no_material, en_material) VALUES('Mannitol','Mannitol');
INSERT INTO MUSARK_CONSERVATION.TREATMENT_MATERIAL(no_material, en_material) VALUES('Mikrokrystallinsk voks','Mikrokrystallinsk voks');
INSERT INTO MUSARK_CONSERVATION.TREATMENT_MATERIAL(no_material, en_material) VALUES('Natriumkarbonat','Natriumkarbonat');
INSERT INTO MUSARK_CONSERVATION.TREATMENT_MATERIAL(no_material, en_material) VALUES('Natriumsitrat','Natriumsitrat');
INSERT INTO MUSARK_CONSERVATION.TREATMENT_MATERIAL(no_material, en_material) VALUES('Natriumhydrogenkarbonat','Natriumhydrogenkarbonat');
INSERT INTO MUSARK_CONSERVATION.TREATMENT_MATERIAL(no_material, en_material) VALUES('Natriumhydroksyd','Natriumhydroksyd');
INSERT INTO MUSARK_CONSERVATION.TREATMENT_MATERIAL(no_material, en_material) VALUES('Paraloid B72','Paraloid B72');
INSERT INTO MUSARK_CONSERVATION.TREATMENT_MATERIAL(no_material, en_material) VALUES('PEG høymolekylær (fast)','PEG høymolekylær (fast)');
INSERT INTO MUSARK_CONSERVATION.TREATMENT_MATERIAL(no_material, en_material) VALUES('Petroleumsether kpkt 60-80 grader','Petroleumsether kpkt 60-80 grader');
INSERT INTO MUSARK_CONSERVATION.TREATMENT_MATERIAL(no_material, en_material) VALUES('Plextol B500','Plextol B500');
INSERT INTO MUSARK_CONSERVATION.TREATMENT_MATERIAL(no_material, en_material) VALUES('Polyolefin','Polyolefin');
INSERT INTO MUSARK_CONSERVATION.TREATMENT_MATERIAL(no_material, en_material) VALUES('Polyvinylacetat','Polyvinylacetat');
INSERT INTO MUSARK_CONSERVATION.TREATMENT_MATERIAL(no_material, en_material) VALUES('Primal WS24','Primal WS24');
INSERT INTO MUSARK_CONSERVATION.TREATMENT_MATERIAL(no_material, en_material) VALUES('Salpetersyre','Salpetersyre');
INSERT INTO MUSARK_CONSERVATION.TREATMENT_MATERIAL(no_material, en_material) VALUES('Saltsyre','Saltsyre');
INSERT INTO MUSARK_CONSERVATION.TREATMENT_MATERIAL(no_material, en_material) VALUES('Skjellakk','Skjellakk');
INSERT INTO MUSARK_CONSERVATION.TREATMENT_MATERIAL(no_material, en_material) VALUES('Silikagel','Silikagel');
INSERT INTO MUSARK_CONSERVATION.TREATMENT_MATERIAL(no_material, en_material) VALUES('Silikonfett','Silikonfett');
INSERT INTO MUSARK_CONSERVATION.TREATMENT_MATERIAL(no_material, en_material) VALUES('Silikongummi','Silikongummi');
INSERT INTO MUSARK_CONSERVATION.TREATMENT_MATERIAL(no_material, en_material) VALUES('Silver Polish Wadding','Silver Polish Wadding');
INSERT INTO MUSARK_CONSERVATION.TREATMENT_MATERIAL(no_material, en_material) VALUES('Sølvnitrat','Sølvnitrat');
INSERT INTO MUSARK_CONSERVATION.TREATMENT_MATERIAL(no_material, en_material) VALUES('Sorbitol','Sorbitol');
INSERT INTO MUSARK_CONSERVATION.TREATMENT_MATERIAL(no_material, en_material) VALUES('Størlim','Størlim');
INSERT INTO MUSARK_CONSERVATION.TREATMENT_MATERIAL(no_material, en_material) VALUES('Svovelsyre','Svovelsyre');
INSERT INTO MUSARK_CONSERVATION.TREATMENT_MATERIAL(no_material, en_material) VALUES('Synocryl 9122x','Synocryl 9122x');
INSERT INTO MUSARK_CONSERVATION.TREATMENT_MATERIAL(no_material, en_material) VALUES('Tannin syre','Tannin syre');
INSERT INTO MUSARK_CONSERVATION.TREATMENT_MATERIAL(no_material, en_material) VALUES('Terpentin','Terpentin');
INSERT INTO MUSARK_CONSERVATION.TREATMENT_MATERIAL(no_material, en_material) VALUES('Tiourea','Tiourea');
INSERT INTO MUSARK_CONSERVATION.TREATMENT_MATERIAL(no_material, en_material) VALUES('Toluen','Toluen');
INSERT INTO MUSARK_CONSERVATION.TREATMENT_MATERIAL(no_material, en_material) VALUES('White spirit','White spirit');
INSERT INTO MUSARK_CONSERVATION.TREATMENT_MATERIAL(no_material, en_material) VALUES('White spirit, lavaromatisk','White spirit, lavaromatisk');
INSERT INTO MUSARK_CONSERVATION.TREATMENT_MATERIAL(no_material, en_material) VALUES('Vann','Vann');
INSERT INTO MUSARK_CONSERVATION.TREATMENT_MATERIAL(no_material, en_material) VALUES('Vann (destillert)','Vann (destillert)');
INSERT INTO MUSARK_CONSERVATION.TREATMENT_MATERIAL(no_material, en_material) VALUES('Vann (avionisert)','Vann (avionisert)');
INSERT INTO MUSARK_CONSERVATION.TREATMENT_MATERIAL(no_material, en_material) VALUES('Xylen','Xylen');
INSERT INTO MUSARK_CONSERVATION.TREATMENT_MATERIAL(no_material, en_material) VALUES('PEG lavmoelkylær (flytende)','PEG lavmoelkylær (flytende)');
INSERT INTO MUSARK_CONSERVATION.TREATMENT_MATERIAL(no_material, en_material) VALUES('Paraloid B44','Paraloid B44');
INSERT INTO MUSARK_CONSERVATION.TREATMENT_MATERIAL(no_material, en_material) VALUES('Paraloid B 67','Paraloid B 67');
INSERT INTO MUSARK_CONSERVATION.TREATMENT_MATERIAL(no_material, en_material) VALUES('Technovit 5071','Technovit 5071');
INSERT INTO MUSARK_CONSERVATION.TREATMENT_MATERIAL(no_material, en_material) VALUES('Natriumsulfitt','Natriumsulfitt');
INSERT INTO MUSARK_CONSERVATION.TREATMENT_MATERIAL(no_material, en_material) VALUES('Valnøttskall','Valnøttskall');


-- INSERTING TREATMENT KEYWORDS
INSERT INTO MUSARK_CONSERVATION.TREATMENT_KEYWORD(no_keyword, en_keyword) VALUES('Støvsuget','Støvsuget');
INSERT INTO MUSARK_CONSERVATION.TREATMENT_KEYWORD(no_keyword, en_keyword) VALUES('Børstet','Børstet');
INSERT INTO MUSARK_CONSERVATION.TREATMENT_KEYWORD(no_keyword, en_keyword) VALUES('Kjemisk rensing','Kjemisk rensing');
INSERT INTO MUSARK_CONSERVATION.TREATMENT_KEYWORD(no_keyword, en_keyword) VALUES('Mekanisk rensing','Mekanisk rensing');
INSERT INTO MUSARK_CONSERVATION.TREATMENT_KEYWORD(no_keyword, en_keyword) VALUES('Utvasking','Utvasking');
INSERT INTO MUSARK_CONSERVATION.TREATMENT_KEYWORD(no_keyword, en_keyword) VALUES('Sandblåst','Sandblåst');
INSERT INTO MUSARK_CONSERVATION.TREATMENT_KEYWORD(no_keyword, en_keyword) VALUES('Limt','Limt');
INSERT INTO MUSARK_CONSERVATION.TREATMENT_KEYWORD(no_keyword, en_keyword) VALUES('Impregnert','Impregnert');
INSERT INTO MUSARK_CONSERVATION.TREATMENT_KEYWORD(no_keyword, en_keyword) VALUES('Konsolidert','Konsolidert');
INSERT INTO MUSARK_CONSERVATION.TREATMENT_KEYWORD(no_keyword, en_keyword) VALUES('Frysetørket','Frysetørket');
INSERT INTO MUSARK_CONSERVATION.TREATMENT_KEYWORD(no_keyword, en_keyword) VALUES('Retusjert','Retusjert');
INSERT INTO MUSARK_CONSERVATION.TREATMENT_KEYWORD(no_keyword, en_keyword) VALUES('Pakket','Pakket');
INSERT INTO MUSARK_CONSERVATION.TREATMENT_KEYWORD(no_keyword, en_keyword) VALUES('Lufttørket','Lufttørket');
INSERT INTO MUSARK_CONSERVATION.TREATMENT_KEYWORD(no_keyword, en_keyword) VALUES('Slipt (maskinelt)','Slipt (maskinelt)');
INSERT INTO MUSARK_CONSERVATION.TREATMENT_KEYWORD(no_keyword, en_keyword) VALUES('Avstøpning','Avstøpning');
INSERT INTO MUSARK_CONSERVATION.TREATMENT_KEYWORD(no_keyword, en_keyword) VALUES('Lakkert','Lakkert');



-- INSERTING EVENT ROLES/ CONSERVATION ACTOR ROLE DATE
INSERT INTO MUSARK_CONSERVATION.ROLE(no_role, en_role,role_for) VALUES ('Utført av', 'Done by', 'actor');
INSERT INTO MUSARK_CONSERVATION.ROLE(no_role, en_role,role_for) VALUES ('Deltatt i', 'Participated in','actor');

--INSERTING CONDITION CODES FOR THE CONDITION ASSESSMENT EVENT

INSERT INTO MUSARK_CONSERVATION.CONDITION_CODE(condition_code,no_condition, en_condition) VALUES(0,'svært god','very good');
INSERT INTO MUSARK_CONSERVATION.CONDITION_CODE(condition_code,no_condition, en_condition) VALUES(1,'god','good');
INSERT INTO MUSARK_CONSERVATION.CONDITION_CODE(condition_code,no_condition, en_condition) VALUES(2,'mindre god','less good');
INSERT INTO MUSARK_CONSERVATION.CONDITION_CODE(condition_code,no_condition, en_condition) VALUES(3,'dårlig/kritisk','badly/critical');
