# --- !Ups

--------------------------------------------------------------------------------
-- MUSIT_MAPPING: Schema to access data in the OLD DB via DB-Link.
--------------------------------------------------------------------------------
CREATE SCHEMA IF NOT EXISTS MUSIT_MAPPING;

CREATE TABLE MUSIT_MAPPING.ACTOR (
  ACTORID             NUMBER(20) GENERATED BY DEFAULT AS IDENTITY,
  ACTORNAME           VARCHAR2(512),
  DATAPORTEN_UUID     VARCHAR2(36),
  DATAPORTEN_USERNAME VARCHAR(100),
  OLD_USERNAME        VARCHAR2(50),
  LOKAL_PK            INTEGER,
  TABELLID            INTEGER,
  OLD_SCHEMANAME      VARCHAR2(50),
  MUSEUM_ID           INTEGER,
  APPLICATION_UUID    VARCHAR2(36),
  PRIMARY KEY (ACTORID)
);

CREATE TABLE MUSIT_MAPPING.MUSITTHING (
  object_id         NUMBER(20) GENERATED BY DEFAULT AS IDENTITY,
  museumNo          VARCHAR(100)      NOT NULL,
  subNo             VARCHAR(100),
  term              VARCHAR(256)      NOT NULL,
  museumId          INTEGER           NOT NULL,
  museumNoAsNumber  INTEGER,
  subNoAsNumber     INTEGER,
  mainobject_id     NUMBER(20),
  is_deleted        INTEGER DEFAULT 0 NOT NULL,
  old_schemaname    VARCHAR(500),
  lokal_pk          NUMBER(20),
  old_barcode       NUMBER(20),
  new_collection_id INTEGER,
  musitthing_uuid   VARCHAR(36),
  updated_date      TIMESTAMP         NOT NULL,
  ark_form          VARCHAR2(2000),
  ark_funn_nr       VARCHAR2(500 CHAR),
  nat_stage         VARCHAR2(256),
  nat_gender        VARCHAR2(256),
  nat_legdato       VARCHAR2(64),
  num_denotation    VARCHAR2(255),
  num_valor         VARCHAR2(100),
  num_date          VARCHAR2(50),
  num_weight        VARCHAR2(100),
  PRIMARY KEY (object_id)
);

--is actually a view in DB
CREATE TABLE MUSIT_MAPPING.THING_MATERIAL
(
  collectionid         INTEGER,
  objectid             INTEGER,
  etn_materialtype     VARCHAR2(100),
  etn_material         VARCHAR2(300),
  etn_material_element VARCHAR2(100),
  etn_matrid_local     INTEGER,
  ark_material         VARCHAR2(500),
  ark_spes_material    VARCHAR2(500),
  ark_sortering        INTEGER,
  ark_hid_local        INTEGER,
  num_material         VARCHAR2(100),
  num_numistypeid      INTEGER
);

--is actually a view in DB
CREATE TABLE MUSIT_MAPPING.THING_LOCATION
(
  collectionid       INTEGER,
  objectid           INTEGER,
  ark_gardsnavn      VARCHAR2(100),
  ark_gardsnr        INTEGER,
  ark_bruksnr        VARCHAR2(100),
  ark_stedid         INTEGER,
  nat_country        VARCHAR2(100),
  nat_state_province VARCHAR2(100),
  nat_municipality   VARCHAR2(100),
  nat_locality       VARCHAR2(4000),
  nat_coordinate     VARCHAR2(256),
  nat_coord_datum    VARCHAR2(64),
  nat_sone_band      VARCHAR2(16),
  etn_place          VARCHAR2(250),
  etn_country        VARCHAR2(100),
  etn_region1        VARCHAR2(100),
  etn_region2        VARCHAR2(100),
  etn_area           VARCHAR2(100),
  etn_local_stedid   INTEGER,
  etn_place_count    INTEGER
);

--is actually a view in DB
CREATE TABLE MUSIT_MAPPING.THING_COORDINATE
(
  collectionid     INTEGER,
  objectid         INTEGER,
  ark_projeksjon   VARCHAR2(100),
  ark_presisjon    VARCHAR2(100),
  ark_nord         VARCHAR2(50),
  ark_ost          VARCHAR2(50),
  ark_localksettid INTEGER
);

--------------------------------------------------------------------------------
-- ACTOR MODULE
--------------------------------------------------------------------------------
CREATE SCHEMA IF NOT EXISTS MUSARK_ACTOR;

CREATE TABLE MUSARK_ACTOR.ORGANISATION (
  ORG_ID       NUMBER(20) GENERATED BY DEFAULT AS IDENTITY,
  FULL_NAME    VARCHAR(255) NOT NULL,
  TEL          VARCHAR(50),
  WEB          VARCHAR(255),
  SYNONYMS     VARCHAR(255),
  SERVICE_TAGS VARCHAR(500),
  CONTACT      VARCHAR2(255),
  EMAIL        VARCHAR2(255),
  PRIMARY KEY (ORG_ID)
);

CREATE TABLE MUSARK_ACTOR.ORGANISATION_ADDRESS (
  ORGADDRESSID      NUMBER(20) GENERATED BY DEFAULT AS IDENTITY,
  ORG_ID            NUMBER(20) NOT NULL,
  STREET_ADDRESS    VARCHAR(100),
  STREET_ADDRESS_2  VARCHAR2(255),
  POSTAL_CODE_PLACE VARCHAR(255),
  COUNTRY_NAME      VARCHAR(255),
  PRIMARY KEY (ORGADDRESSID),
  FOREIGN KEY (ORG_ID) REFERENCES MUSARK_ACTOR.ORGANISATION (ORG_ID)
);


CREATE SCHEMA IF NOT EXISTS MUSARK_AUTH;

CREATE TABLE MUSARK_AUTH.USER_INFO (
  user_uuid    VARCHAR2(36) NOT NULL,
  secondary_id VARCHAR(512),
  name         VARCHAR(512),
  email        VARCHAR(254),
  picture      VARCHAR(100),
  PRIMARY KEY (user_uuid)
);

--------------------------------------------------------------------------------
-- STORAGE FACILITY MODULE
--------------------------------------------------------------------------------
CREATE SCHEMA IF NOT EXISTS MUSARK_STORAGE;

-- ===========================================================================
-- Tables for storage nodes
-- ===========================================================================

CREATE TABLE MUSARK_STORAGE.STORAGE_NODE (
  storage_node_id   NUMBER(20) GENERATED BY DEFAULT AS IDENTITY,
  storage_node_uuid VARCHAR2(36)             NOT NULL,
  storage_node_name VARCHAR(512),
  area              NUMBER,
  area_to           NUMBER,
  is_storage_unit   VARCHAR(1)   DEFAULT '1',
  is_part_of        NUMBER(20),
  height            NUMBER,
  height_to         NUMBER,
  node_path         VARCHAR(1000)            NOT NULL,
  is_deleted        INTEGER DEFAULT 0        NOT NULL,
  storage_type      VARCHAR(100) DEFAULT 'StorageUnit',
  group_read        VARCHAR(4000),
  group_write       VARCHAR(4000),
  old_barcode       NUMBER(20),
  museum_id         INTEGER                  NOT NULL,
  updated_by        VARCHAR2(36)             NOT NULL,
  updated_date      TIMESTAMP                NOT NULL,
  PRIMARY KEY (storage_node_id)
);

CREATE TABLE MUSARK_STORAGE.ROOM (
  storage_node_id               NUMBER(20) NOT NULL,
  perimeter_security            INTEGER,
  theft_protection              INTEGER,
  fire_protection               INTEGER,
  water_damage_assessment       INTEGER,
  routines_and_contingency_plan INTEGER,
  relative_humidity             INTEGER,
  temperature_assessment        INTEGER,
  lighting_condition            INTEGER,
  preventive_conservation       INTEGER,
  PRIMARY KEY (storage_node_id),
  FOREIGN KEY (storage_node_id) REFERENCES MUSARK_STORAGE.STORAGE_NODE (storage_node_id)
);

CREATE TABLE MUSARK_STORAGE.BUILDING (
  storage_node_id NUMBER(20) NOT NULL,
  postal_address  VARCHAR(512),
  PRIMARY KEY (storage_node_id),
  FOREIGN KEY (storage_node_id) REFERENCES MUSARK_STORAGE.STORAGE_NODE (storage_node_id)
);

CREATE TABLE MUSARK_STORAGE.ORGANISATION (
  storage_node_id NUMBER(20) NOT NULL,
  postal_address  VARCHAR(512),
  PRIMARY KEY (storage_node_id),
  FOREIGN KEY (storage_node_id) REFERENCES MUSARK_STORAGE.STORAGE_NODE (storage_node_id)
);

-- ===========================================================================
-- The NEW event tables
-- ===========================================================================
CREATE SEQUENCE nevent_sequence
INCREMENT BY 1
START WITH 1
NOMAXVALUE
NOCYCLE
NOCACHE;

CREATE TABLE MUSARK_STORAGE.NEW_EVENT (
  event_id        NUMBER(20) DEFAULT nevent_sequence.nextval,
  type_id         VARCHAR2(36) NOT NULL,
  museum_id       INTEGER      NOT NULL,
  done_by         VARCHAR2(512),
  done_date       TIMESTAMP,
  updated_date    TIMESTAMP,
  registered_by   VARCHAR2(36) NOT NULL,
  registered_date TIMESTAMP    NOT NULL,
  part_of         NUMBER(20),
  affected_uuid   VARCHAR2(36),
  affected_type   VARCHAR2(50), -- collection | sample | node | ...
  note            VARCHAR2(500),
  event_json      CLOB,
  PRIMARY KEY (event_id)
);

CREATE TABLE MUSARK_STORAGE.NEW_LOCAL_OBJECT (
  object_uuid         VARCHAR2(36) NOT NULL,
  latest_move_id      NUMBER(20)   NOT NULL,
  current_location_id VARCHAR2(36) NOT NULL,
  museum_id           INTEGER      NOT NULL,
  object_type         VARCHAR(50) DEFAULT 'collection', -- possible values can be 'collection', or 'sample'
  PRIMARY KEY (object_uuid)
  -- We do not enforce foreign key constraints here to make testing easier.
);

CREATE TABLE MUSARK_STORAGE.EVENT_TYPE (
  event_type_id INTEGER GENERATED BY DEFAULT AS IDENTITY,
  name          VARCHAR(100) NOT NULL,
  PRIMARY KEY (event_type_id)
);

-- ===========================================================================
-- Pre-populating necessary data
-- ===========================================================================
-- TopLevel event types
INSERT INTO MUSARK_STORAGE.EVENT_TYPE (event_type_id, name) VALUES (1, 'MoveObject');
INSERT INTO MUSARK_STORAGE.EVENT_TYPE (event_type_id, name) VALUES (2, 'MovePlace');
INSERT INTO MUSARK_STORAGE.EVENT_TYPE (event_type_id, name) VALUES (3, 'EnvRequirement');
INSERT INTO MUSARK_STORAGE.EVENT_TYPE (event_type_id, name) VALUES (4, 'Control');
INSERT INTO MUSARK_STORAGE.EVENT_TYPE (event_type_id, name) VALUES (5, 'Observation');

-- Control sub-event types
INSERT INTO MUSARK_STORAGE.EVENT_TYPE (event_type_id, name) VALUES (6, 'ControlAlcohol');
INSERT INTO MUSARK_STORAGE.EVENT_TYPE (event_type_id, name) VALUES (7, 'ControlCleaning');
INSERT INTO MUSARK_STORAGE.EVENT_TYPE (event_type_id, name) VALUES (8, 'ControlGas');
INSERT INTO MUSARK_STORAGE.EVENT_TYPE (event_type_id, name) VALUES (9, 'ControlHypoxicAir');
INSERT INTO MUSARK_STORAGE.EVENT_TYPE (event_type_id, name) VALUES (10, 'ControlLightingCondition');
INSERT INTO MUSARK_STORAGE.EVENT_TYPE (event_type_id, name) VALUES (11, 'ControlMold');
INSERT INTO MUSARK_STORAGE.EVENT_TYPE (event_type_id, name) VALUES (12, 'ControlPest');
INSERT INTO MUSARK_STORAGE.EVENT_TYPE (event_type_id, name) VALUES (13, 'ControlRelativeHumidity');
INSERT INTO MUSARK_STORAGE.EVENT_TYPE (event_type_id, name) VALUES (14, 'ControlTemperature');

-- Observation sub-event types
INSERT INTO MUSARK_STORAGE.EVENT_TYPE (event_type_id, name) VALUES (15, 'ObservationAlcohol');
INSERT INTO MUSARK_STORAGE.EVENT_TYPE (event_type_id, name) VALUES (16, 'ObservationCleaning');
INSERT INTO MUSARK_STORAGE.EVENT_TYPE (event_type_id, name) VALUES (17, 'ObservationFireProtection');
INSERT INTO MUSARK_STORAGE.EVENT_TYPE (event_type_id, name) VALUES (18, 'ObservationGas');
INSERT INTO MUSARK_STORAGE.EVENT_TYPE (event_type_id, name) VALUES (19, 'ObservationHypoxicAir');
INSERT INTO MUSARK_STORAGE.EVENT_TYPE (event_type_id, name) VALUES (20, 'ObservationLightingCondition');
INSERT INTO MUSARK_STORAGE.EVENT_TYPE (event_type_id, name) VALUES (21, 'ObservationMold');
INSERT INTO MUSARK_STORAGE.EVENT_TYPE (event_type_id, name) VALUES (22, 'ObservationPerimeterSecurity');
INSERT INTO MUSARK_STORAGE.EVENT_TYPE (event_type_id, name) VALUES (23, 'ObservationRelativeHumidity');
INSERT INTO MUSARK_STORAGE.EVENT_TYPE (event_type_id, name) VALUES (24, 'ObservationPest');
INSERT INTO MUSARK_STORAGE.EVENT_TYPE (event_type_id, name) VALUES (25, 'ObservationTemperature');
INSERT INTO MUSARK_STORAGE.EVENT_TYPE (event_type_id, name) VALUES (26, 'ObservationTheftProtection');
INSERT INTO MUSARK_STORAGE.EVENT_TYPE (event_type_id, name) VALUES (27, 'ObservationWaterDamageAssessment');

--------------------------------------------------------------------------------
-- ANALYSIS MODULE
--------------------------------------------------------------------------------
CREATE SCHEMA IF NOT EXISTS MUSARK_ANALYSIS;

CREATE TABLE MUSARK_ANALYSIS.SAMPLE_OBJECT (
  sample_uuid            VARCHAR2(36)      NOT NULL,
  parent_object_uuid     VARCHAR2(36),
  parent_object_type     VARCHAR(50),
  is_extracted           INTEGER DEFAULT 0 NOT NULL,
  museum_id              INTEGER           NOT NULL,
  status                 INTEGER DEFAULT 1 NOT NULL,
  responsible_actor      VARCHAR2(512),
  done_by                VARCHAR2(36),
  done_date              TIMESTAMP,
  sample_id              VARCHAR2(100),
  sample_num             INTEGER AUTO_INCREMENT,
  external_id            VARCHAR2(100),
  external_id_source     VARCHAR2(100),
  sample_type_id         INTEGER           NOT NULL,
  sample_size            NUMBER,
  sample_size_unit       VARCHAR2(10),
  sample_container       VARCHAR2(100),
  storage_medium         VARCHAR2(100),
  treatment              VARCHAR2(100),
  leftover_sample        INTEGER DEFAULT 1 NOT NULL,
  description            VARCHAR2(250),
  note                   VARCHAR2(250),
  originated_object_uuid VARCHAR2(36)      NOT NULL,
  registered_by          VARCHAR2(36)      NOT NULL,
  registered_date        TIMESTAMP         NOT NULL,
  updated_by             VARCHAR2(36),
  updated_date           TIMESTAMP,
  is_deleted             INTEGER DEFAULT 0 NOT NULL,
  PRIMARY KEY (sample_uuid)
);

CREATE TABLE MUSARK_ANALYSIS.SAMPLE_TYPE (
  sampletype_id    NUMBER(20) GENERATED BY DEFAULT AS IDENTITY,
  no_sampletype    VARCHAR2(100) NOT NULL,
  en_sampletype    VARCHAR2(100) NOT NULL,
  no_samplesubtype VARCHAR2(100),
  en_samplesubtype VARCHAR2(100),
  PRIMARY KEY (sampletype_id)
);

CREATE TABLE MUSARK_ANALYSIS.EVENT_TYPE (
  type_id                      INTEGER GENERATED BY DEFAULT AS IDENTITY,
  category                     INTEGER       NOT NULL,
  no_name                      VARCHAR2(100) NOT NULL,
  en_name                      VARCHAR2(100) NOT NULL,
  short_name                   VARCHAR2(50),
  collections                  VARCHAR2(500), -- if empty then all collections, else value is ',uuid_1,uuid_2,uuid_9,'     LIKE '%,uuid_2,%'
  extra_description_type       VARCHAR2(50),
  extra_description_attributes CLOB,
  extra_result_type            VARCHAR2(50),
  extra_result_attributes      CLOB,
  PRIMARY KEY (type_id)
);

CREATE TABLE MUSARK_ANALYSIS.EVENT (
  event_id        NUMBER(20) GENERATED BY DEFAULT AS IDENTITY,
  type_id         INTEGER      NOT NULL,
  museum_id       INTEGER      NOT NULL,
  done_by         VARCHAR2(512),
  done_date       TIMESTAMP,
  updated_date    TIMESTAMP,
  registered_by   VARCHAR2(36) NOT NULL,
  registered_date TIMESTAMP    NOT NULL,
  part_of         NUMBER(20),
  affected_uuid   VARCHAR2(36),
  note            VARCHAR2(500),
  status          INTEGER,
  case_numbers    VARCHAR2(1000),
  event_json      CLOB,
  PRIMARY KEY (event_id)
);

CREATE TABLE MUSARK_ANALYSIS.RESULT (
  event_id        NUMBER(20)   NOT NULL,
  museum_id       INTEGER      NOT NULL,
  registered_by   VARCHAR2(36) NOT NULL,
  registered_date TIMESTAMP    NOT NULL,
  result_json     CLOB,
  PRIMARY KEY (event_id),
  FOREIGN KEY (event_id) REFERENCES MUSARK_ANALYSIS.EVENT (event_id)
);

CREATE TABLE MUSARK_ANALYSIS.TREATMENT (
  treatment_id NUMBER(20) GENERATED BY DEFAULT AS IDENTITY,
  no_treatment VARCHAR2(100) NOT NULL,
  en_treatment VARCHAR2(100) NOT NULL,
  PRIMARY KEY (treatment_id)
);

CREATE TABLE MUSARK_ANALYSIS.STORAGECONTAINER (
  storagecontainer_id NUMBER(20) GENERATED BY DEFAULT AS IDENTITY,
  no_storagecontainer VARCHAR2(100) NOT NULL,
  en_storagecontainer VARCHAR2(100) NOT NULL,
  PRIMARY KEY (storagecontainer_id)
);

CREATE TABLE MUSARK_ANALYSIS.STORAGEMEDIUM (
  storagemedium_id NUMBER(20) GENERATED BY DEFAULT AS IDENTITY,
  no_storagemedium VARCHAR2(100) NOT NULL,
  en_storagemedium VARCHAR2(100) NOT NULL,
  PRIMARY KEY (storagemedium_id)
);

-- INSERTING EVENT TYPES / ANALYSIS TYPES
INSERT INTO MUSARK_ANALYSIS.EVENT_TYPE (category, short_name, extra_description_type, extra_description_attributes, extra_result_attributes, no_name, en_name) VALUES (11, 'HPLC', NULL, NULL, NULL, 'Væskekromatografi', 'High performance liquid chromatography');
INSERT INTO MUSARK_ANALYSIS.EVENT_TYPE (category, short_name, extra_description_type, extra_description_attributes, extra_result_attributes, no_name, en_name) VALUES (11, NULL, NULL, NULL, NULL, 'Fargereaksjon', 'Spot test');
INSERT INTO MUSARK_ANALYSIS.EVENT_TYPE (category, short_name, extra_description_type, extra_description_attributes, extra_result_attributes, no_name, en_name) VALUES (11, NULL, NULL, NULL, NULL, 'UV-lys', 'UV-light');
INSERT INTO MUSARK_ANALYSIS.EVENT_TYPE (category, short_name, extra_description_type, extra_description_attributes, extra_result_attributes, no_name, en_name) VALUES (11, 'TLC', NULL, NULL, NULL, 'Tynnsjiktkromatografi', 'Thin Layer Chromotography');
INSERT INTO MUSARK_ANALYSIS.EVENT_TYPE (category, short_name, extra_description_type, extra_description_attributes, extra_result_attributes, no_name, en_name) VALUES (5, NULL, 'MicroscopyAttributes', '{"method":"Int"}', NULL, 'Mikroskopi', 'Microscopy');
INSERT INTO MUSARK_ANALYSIS.EVENT_TYPE (category, short_name, extra_description_type, extra_description_attributes, extra_result_attributes, no_name, en_name) VALUES (5, NULL, NULL, NULL, NULL, 'Røntgenfotografering', 'Radiography');
INSERT INTO MUSARK_ANALYSIS.EVENT_TYPE (category, short_name, extra_description_type, extra_description_attributes, extra_result_attributes, no_name, en_name) VALUES (5, NULL, 'TomographyAttributes', '{"method":"Int"}', NULL, 'Tomografi', 'Tomography');
INSERT INTO MUSARK_ANALYSIS.EVENT_TYPE (category, short_name, extra_description_type, extra_description_attributes, extra_result_attributes, no_name, en_name) VALUES (5, 'UV', NULL, NULL, NULL, 'Ultrafiolett fluorisering', 'Ultraviolet fluorescence');
INSERT INTO MUSARK_ANALYSIS.EVENT_TYPE (category, short_name, extra_description_type, extra_description_attributes, extra_result_type, extra_result_attributes, no_name, en_name) VALUES (3, 'C14', NULL, NULL, 'RadioCarbonResult', '{"ageEstimate":"String","standardDeviation":"String"}', 'Radiokarbondatering', 'Radiocarbon dating');
INSERT INTO MUSARK_ANALYSIS.EVENT_TYPE (category, short_name, extra_description_type, extra_description_attributes, extra_result_type, extra_result_attributes, no_name, en_name) VALUES (3, 'Dendro', NULL, NULL, 'AgeResult', '{"age":"String"}', 'Dendrokronologi', 'Dendrochronology');
INSERT INTO MUSARK_ANALYSIS.EVENT_TYPE (category, short_name, extra_description_type, extra_description_attributes, extra_result_type, extra_result_attributes, no_name, en_name) VALUES (3, 'TL/OSL', NULL, NULL, 'AgeResult', '{"age":"String"}', 'Termoluminesens datering', 'Thermoluminescence/Optical stimulated luminescence');
INSERT INTO MUSARK_ANALYSIS.EVENT_TYPE (category, short_name, extra_description_type, extra_description_attributes, extra_result_attributes, no_name, en_name) VALUES (2, NULL, NULL, NULL, NULL, 'Kolorimetri', 'Colorimetry');
INSERT INTO MUSARK_ANALYSIS.EVENT_TYPE (category, short_name, extra_description_type, extra_description_attributes, extra_result_attributes, no_name, en_name) VALUES (2, NULL, NULL, NULL, NULL, 'Spektrofotometri', 'Spectrophotometry');
INSERT INTO MUSARK_ANALYSIS.EVENT_TYPE (category, short_name, extra_description_type, extra_description_attributes, extra_result_attributes, no_name, en_name) VALUES (4, 'DNA', NULL, NULL, NULL, 'DNA-analyse (kulturhistorisk)', 'DNA analysis (cultural history)');
INSERT INTO MUSARK_ANALYSIS.EVENT_TYPE (category, short_name, extra_description_type, extra_description_attributes, extra_result_attributes, no_name, en_name) VALUES (4, NULL, NULL, NULL, NULL, 'Strekkoding', 'Barcoding');
INSERT INTO MUSARK_ANALYSIS.EVENT_TYPE (category, short_name, extra_description_type, extra_description_attributes, extra_result_type, extra_result_attributes, no_name, en_name) VALUES (4, NULL, 'ExtractionAttributes', '{"extractionType":"String","method":"String"}', 'ExtractionResult', '{"storageMedium":"String","concentration":"Size","volume":"Size"}', 'Ekstraksjon (DNA, RNA, ...)', 'Extraction (DNA, RNA, ..)');
INSERT INTO MUSARK_ANALYSIS.EVENT_TYPE (category, short_name, extra_description_type, extra_description_attributes, extra_result_attributes, no_name, en_name) VALUES (4, NULL, NULL, NULL, NULL, 'Mikrosatellitter', 'Microsatellites');
INSERT INTO MUSARK_ANALYSIS.EVENT_TYPE (category, short_name, extra_description_type, extra_description_attributes, extra_result_attributes, no_name, en_name) VALUES (4, 'NGS', NULL, NULL, NULL, 'NGS-sekvensering', 'NGS sequencing');
INSERT INTO MUSARK_ANALYSIS.EVENT_TYPE (category, short_name, extra_description_type, extra_description_attributes, extra_result_attributes, no_name, en_name) VALUES (4, NULL, NULL, NULL, NULL, 'Sanger-sekvensering', 'Sanger sequensing');
INSERT INTO MUSARK_ANALYSIS.EVENT_TYPE (category, short_name, extra_description_type, extra_description_attributes, extra_result_attributes, no_name, en_name) VALUES (1, 'GC-MS', NULL, NULL, NULL, 'Gasskromatografi-massespektrometri', 'Gas Chromatography - Mass Spectrometry');
INSERT INTO MUSARK_ANALYSIS.EVENT_TYPE (category, short_name, extra_description_type, extra_description_attributes, extra_result_attributes, no_name, en_name) VALUES (1, 'XRF', NULL, NULL, NULL, 'Røntgenfluorescensspektroskopi', 'X-ray fluorescence');
INSERT INTO MUSARK_ANALYSIS.EVENT_TYPE (category, short_name, extra_description_type, extra_description_attributes, extra_result_attributes, no_name, en_name) VALUES (1, 'MS', NULL, NULL, NULL, 'Massespektrometri', 'Mass spectrometry');
INSERT INTO MUSARK_ANALYSIS.EVENT_TYPE (category, short_name, extra_description_type, extra_description_attributes, extra_result_attributes, no_name, en_name) VALUES (1, 'SEM-EDX/EDS', NULL, NULL, NULL, 'Skanning elektron mikroskopi-Energidispersiv røntgenspektroskopi', 'Scanning electron microscopy - Energy-dispersive X-ray spectroscopy');
INSERT INTO MUSARK_ANALYSIS.EVENT_TYPE (category, short_name, extra_description_type, extra_description_attributes, extra_result_attributes, no_name, en_name) VALUES (1, 'FTIR', NULL, NULL, NULL, 'Fouriertransform infrarød spektroskopi', 'Fourier transform infrared spectroscopy');
INSERT INTO MUSARK_ANALYSIS.EVENT_TYPE (category, short_name, extra_description_type, extra_description_attributes, extra_result_attributes, no_name, en_name) VALUES (1, 'ISE-Cl', NULL, NULL, NULL, 'Ioneselektiv elektrode, klorid', 'Ion-selective electrode, chloride');
INSERT INTO MUSARK_ANALYSIS.EVENT_TYPE (category, short_name, extra_description_type, extra_description_attributes, extra_result_attributes, no_name, en_name) VALUES (1, 'ISE-H', NULL, NULL, NULL, 'Ioneselektiv elektrode, pH', 'Ion-selective electrode, pH');
INSERT INTO MUSARK_ANALYSIS.EVENT_TYPE (category, short_name, extra_description_type, extra_description_attributes, extra_result_attributes, no_name, en_name) VALUES (1, 'Py-GC/MS', NULL, NULL, NULL, 'Pyrolyse gasskromatografi-massespektrometri', 'Pyrolysis-gas chromatography/mass spectrometry');
INSERT INTO MUSARK_ANALYSIS.EVENT_TYPE (category, short_name, extra_description_type, extra_description_attributes, extra_result_attributes, no_name, en_name) VALUES (1, 'Raman', NULL, NULL, NULL, 'Raman-spektroskopi', 'Raman spectroscopy');
INSERT INTO MUSARK_ANALYSIS.EVENT_TYPE (category, short_name, extra_description_type, extra_description_attributes, extra_result_attributes, no_name, en_name) VALUES (1, 'XRD', NULL, NULL, NULL, 'Røntgendiffraksjon', 'X-ray diffraction');
INSERT INTO MUSARK_ANALYSIS.EVENT_TYPE (category, short_name, extra_description_type, extra_description_attributes, extra_result_attributes, no_name, en_name) VALUES (1, 'HPLC', NULL, NULL, NULL, 'Væskekromatografi', 'High performance liquid chromatography');
INSERT INTO MUSARK_ANALYSIS.EVENT_TYPE (category, short_name, extra_description_type, extra_description_attributes, extra_result_attributes, no_name, en_name) VALUES (1, NULL, 'IsotopeAttributes', '{"types":"Array[Int]"}', NULL, 'Isotopanalyse', 'Isotope analysis');
INSERT INTO MUSARK_ANALYSIS.EVENT_TYPE (category, short_name, extra_description_type, extra_description_attributes, extra_result_attributes, no_name, en_name) VALUES (1, 'NMR', NULL, NULL, NULL, 'Nuclear magnetic resonance spectroscopy', 'Nuclear magnetic resonance spectroscopy');
INSERT INTO MUSARK_ANALYSIS.EVENT_TYPE (category, short_name, extra_description_type, extra_description_attributes, extra_result_attributes, no_name, en_name) VALUES (1, NULL, NULL, NULL, NULL, 'Fettsyreanalyse', 'Lipids');
INSERT INTO MUSARK_ANALYSIS.EVENT_TYPE (category, short_name, extra_description_type, extra_description_attributes, extra_result_attributes, no_name, en_name) VALUES (1, 'XANES', NULL, NULL, NULL, 'X-ray Absorption Near Edge Structure', 'X-ray absorption near edge structure');
INSERT INTO MUSARK_ANALYSIS.EVENT_TYPE (category, short_name, extra_description_type, extra_description_attributes, extra_result_attributes, no_name, en_name) VALUES (1, 'ICP', 'ElementalICPAttributes', '{"method":"Int"}', NULL, 'Grunnstoffanalyse (ICP: Inductively coupled plasma analyses with different types of detectors)', 'Elemental analysis (ICP: Inductively coupled plasma analyses with different types of detectors)');
INSERT INTO MUSARK_ANALYSIS.EVENT_TYPE (category, short_name, extra_description_type, extra_description_attributes, extra_result_attributes, no_name, en_name) VALUES (1, 'AAS', 'ElementalAASAttributes', '{"method":"Int"}', NULL, 'Grunnstoffanalyse (AAS: atomabsorbsjonspektroskopi)', 'Elemental analysis (AAS: atomabsorbsjonspektroskopi)');
INSERT INTO MUSARK_ANALYSIS.EVENT_TYPE (category, short_name, extra_description_type, extra_description_attributes, extra_result_attributes, no_name, en_name) VALUES (1, 'AFS', NULL, NULL, NULL, 'Grunnstoffanalyse (AFS)', 'Elemental analysis (AFS)');
INSERT INTO MUSARK_ANALYSIS.EVENT_TYPE (category, short_name, extra_description_type, extra_description_attributes, extra_result_attributes, no_name, en_name) VALUES (6, NULL, NULL, NULL, NULL, 'Plantemateriale, makro (forkullet/uforkullet)', 'Plant material (charred/not charred)');
INSERT INTO MUSARK_ANALYSIS.EVENT_TYPE (category, short_name, extra_description_type, extra_description_attributes, extra_result_attributes, no_name, en_name) VALUES (7, 'P+S', NULL, NULL, NULL, 'Pollen og sporer', 'Pollen and spores');
INSERT INTO MUSARK_ANALYSIS.EVENT_TYPE (category, short_name, extra_description_type, extra_description_attributes, extra_result_type, extra_result_attributes, no_name, en_name) VALUES (8, NULL, NULL, NULL, 'MeasurementResult', '{"measurementId": "String", "measurementType":"String","size":"Size","precision":"String","method":"String"}', 'Målinger & tellinger', 'Counts & measurements');
INSERT INTO MUSARK_ANALYSIS.EVENT_TYPE (category, short_name, extra_description_type, extra_description_attributes, extra_result_attributes, no_name, en_name) VALUES (9, NULL, NULL, NULL, NULL, 'Skjelettanalyse, dyrebein', 'Osteology, non-human');
INSERT INTO MUSARK_ANALYSIS.EVENT_TYPE (category, short_name, extra_description_type, extra_description_attributes, extra_result_attributes, no_name, en_name) VALUES (9, NULL, NULL, NULL, NULL, 'Skjelettanalyse, menneske', 'Osteology, human');
INSERT INTO MUSARK_ANALYSIS.EVENT_TYPE (category, short_name, extra_description_type, extra_description_attributes, extra_result_attributes, no_name, en_name) VALUES (10, 'Cit-P', NULL, NULL, NULL, 'Fosfat', 'Phosphate determination');
INSERT INTO MUSARK_ANALYSIS.EVENT_TYPE (category, short_name, extra_description_type, extra_description_attributes, extra_result_attributes, no_name, en_name) VALUES (10, NULL, NULL, NULL, NULL, 'Jordmikromorfologi', 'Soil micromorphology');
INSERT INTO MUSARK_ANALYSIS.EVENT_TYPE (category, short_name, extra_description_type, extra_description_attributes, extra_result_attributes, no_name, en_name) VALUES (12, NULL, NULL, NULL, NULL, 'Tekstil- og fiberanalyse', 'Textile and fibre analysis');
INSERT INTO MUSARK_ANALYSIS.EVENT_TYPE (category, short_name, extra_description_type, extra_description_attributes, extra_result_attributes, no_name, en_name) VALUES (13, NULL, NULL, NULL, NULL, 'Vedanatomi (forkullet/uforkullet)', 'Wood anatomy (charred/uncharred)');

-- INSERTING TREATMENTS
INSERT INTO MUSARK_ANALYSIS.TREATMENT (treatment_id, no_treatment, en_treatment) VALUES (1, 'CTAB', 'CTAB');
INSERT INTO MUSARK_ANALYSIS.TREATMENT (treatment_id, no_treatment, en_treatment) VALUES (2, 'DNAdvance Beckman Coulter', 'Advance Beckman Coulter');
INSERT INTO MUSARK_ANALYSIS.TREATMENT (treatment_id, no_treatment, en_treatment) VALUES (3, 'EZNA plant kit', 'EZNA plant kit');
INSERT INTO MUSARK_ANALYSIS.TREATMENT (treatment_id, no_treatment, en_treatment) VALUES (4, 'Hot shot', 'Hot shot');
INSERT INTO MUSARK_ANALYSIS.TREATMENT (treatment_id, no_treatment, en_treatment) VALUES (5, 'Mole robot', 'Mole robot');
INSERT INTO MUSARK_ANALYSIS.TREATMENT (treatment_id, no_treatment, en_treatment) VALUES (6, 'Omega EZNA blood and tissue kit', 'Omega EZNA blood and tissue kit');
INSERT INTO MUSARK_ANALYSIS.TREATMENT (treatment_id, no_treatment, en_treatment) VALUES (7, 'Omega EZNA blood kit', ' Omega EZNA blood kit');
INSERT INTO MUSARK_ANALYSIS.TREATMENT (treatment_id, no_treatment, en_treatment) VALUES (8, 'Omega EZNA plant kit', ' Omega EZNA plant kit');
INSERT INTO MUSARK_ANALYSIS.TREATMENT (treatment_id, no_treatment, en_treatment) VALUES (9, 'Omega EZNA tissue kit', 'Omega EZNA tissue kit');
INSERT INTO MUSARK_ANALYSIS.TREATMENT (treatment_id, no_treatment, en_treatment) VALUES (10, 'Phenol-Chloroform', 'Phenol-Chloroform');
INSERT INTO MUSARK_ANALYSIS.TREATMENT (treatment_id, no_treatment, en_treatment) VALUES (11, 'Qiagen blood and tissue kit', 'Qiagen blood and tissue kit');
INSERT INTO MUSARK_ANALYSIS.TREATMENT (treatment_id, no_treatment, en_treatment) VALUES (12, 'Qiagen blood kit', 'Qiagen blood kit');
INSERT INTO MUSARK_ANALYSIS.TREATMENT (treatment_id, no_treatment, en_treatment) VALUES (13, 'Qiagen plant kit', 'Qiagen plant kit');
INSERT INTO MUSARK_ANALYSIS.TREATMENT (treatment_id, no_treatment, en_treatment) VALUES (14, 'Qiagen tissue kit', 'Qiagen tissue kit');
INSERT INTO MUSARK_ANALYSIS.TREATMENT (treatment_id, no_treatment, en_treatment) VALUES (15, 'Quick extract', 'Quick extract');
INSERT INTO MUSARK_ANALYSIS.TREATMENT (treatment_id, no_treatment, en_treatment) VALUES (16, 'WGA (GenomiPhi)', 'WGA (GenomiPhi)');
INSERT INTO MUSARK_ANALYSIS.TREATMENT (treatment_id, no_treatment, en_treatment) VALUES (17, 'Spectrum plant toal RNA kit', ' Spectrum plant toal RNA kit');
INSERT INTO MUSARK_ANALYSIS.TREATMENT (treatment_id, no_treatment, en_treatment) VALUES (18, 'Drilling', 'Drilling');
INSERT INTO MUSARK_ANALYSIS.TREATMENT (treatment_id, no_treatment, en_treatment) VALUES (19, 'Ekstrahering', 'Extraction');
INSERT INTO MUSARK_ANALYSIS.TREATMENT (treatment_id, no_treatment, en_treatment) VALUES (20, 'Fjernet ved bruk av skalpell', 'Removed using scalpel');
INSERT INTO MUSARK_ANALYSIS.TREATMENT (treatment_id, no_treatment, en_treatment) VALUES (21, 'Løse fragment(er)', 'Loose fragment(s)');
INSERT INTO MUSARK_ANALYSIS.TREATMENT (treatment_id, no_treatment, en_treatment) VALUES (22, 'Skjæring/kutting', 'Cutting');
INSERT INTO MUSARK_ANALYSIS.TREATMENT (treatment_id, no_treatment, en_treatment) VALUES (23, 'Skraping', 'Scraping');
INSERT INTO MUSARK_ANALYSIS.TREATMENT (treatment_id, no_treatment, en_treatment) VALUES (24, 'Saging', 'Sawing');

-- INSERTING STORAGE MEDIUMS
INSERT INTO MUSARK_ANALYSIS.STORAGEMEDIUM (storagemedium_id, no_storagemedium, en_storagemedium) VALUES (1, 'Deionisert vann (diH2O)', 'Deionized water (diH2O)');
INSERT INTO MUSARK_ANALYSIS.STORAGEMEDIUM (storagemedium_id, no_storagemedium, en_storagemedium) VALUES (2, 'Buffer EDTA', 'Buffer EDTA');
INSERT INTO MUSARK_ANALYSIS.STORAGEMEDIUM (storagemedium_id, no_storagemedium, en_storagemedium) VALUES (3, 'Buffer TE ', 'Buffer TE');
INSERT INTO MUSARK_ANALYSIS.STORAGEMEDIUM (storagemedium_id, no_storagemedium, en_storagemedium) VALUES (4, 'Buffer uspesifisert', 'Buffer (Unspecified)');
INSERT INTO MUSARK_ANALYSIS.STORAGEMEDIUM (storagemedium_id, no_storagemedium, en_storagemedium) VALUES (5, 'Destillert vann (dH2O)', 'Distilled water (dH2O)');
INSERT INTO MUSARK_ANALYSIS.STORAGEMEDIUM (storagemedium_id, no_storagemedium, en_storagemedium) VALUES (6, 'DMSO', 'DMSO');
INSERT INTO MUSARK_ANALYSIS.STORAGEMEDIUM (storagemedium_id, no_storagemedium, en_storagemedium) VALUES (7, 'Dobbeltdestillert vann (ddH2O)', 'Double-distilled water (ddH2O)');
INSERT INTO MUSARK_ANALYSIS.STORAGEMEDIUM (storagemedium_id, no_storagemedium, en_storagemedium) VALUES (8, 'Elution buffer', 'Elution buffer');
INSERT INTO MUSARK_ANALYSIS.STORAGEMEDIUM (storagemedium_id, no_storagemedium, en_storagemedium) VALUES (9, 'Etanol', 'Ethanol');
INSERT INTO MUSARK_ANALYSIS.STORAGEMEDIUM (storagemedium_id, no_storagemedium, en_storagemedium) VALUES (10, 'Etanol 70%', 'Ethanol 70%');
INSERT INTO MUSARK_ANALYSIS.STORAGEMEDIUM (storagemedium_id, no_storagemedium, en_storagemedium) VALUES (11, 'Etanol 80%', 'Ethanol 80%');
INSERT INTO MUSARK_ANALYSIS.STORAGEMEDIUM (storagemedium_id, no_storagemedium, en_storagemedium) VALUES (12, 'Etanol 96%', 'Ethanol 96%');
INSERT INTO MUSARK_ANALYSIS.STORAGEMEDIUM (storagemedium_id, no_storagemedium, en_storagemedium) VALUES (13, 'Fenol', 'Phenol');
INSERT INTO MUSARK_ANALYSIS.STORAGEMEDIUM (storagemedium_id, no_storagemedium, en_storagemedium) VALUES (14, 'Flytende nitrogen', 'Liquid nitrogen');
INSERT INTO MUSARK_ANALYSIS.STORAGEMEDIUM (storagemedium_id, no_storagemedium, en_storagemedium) VALUES (15, 'Formalin', 'Formalin');
INSERT INTO MUSARK_ANALYSIS.STORAGEMEDIUM (storagemedium_id, no_storagemedium, en_storagemedium) VALUES (16, 'Glyserol', 'Glycerol');
INSERT INTO MUSARK_ANALYSIS.STORAGEMEDIUM (storagemedium_id, no_storagemedium, en_storagemedium) VALUES (17, 'Fysiologisk saltvann', 'Physiological saline');
INSERT INTO MUSARK_ANALYSIS.STORAGEMEDIUM (storagemedium_id, no_storagemedium, en_storagemedium) VALUES (18, 'Iseddik', 'Glacial acetic acid');
INSERT INTO MUSARK_ANALYSIS.STORAGEMEDIUM (storagemedium_id, no_storagemedium, en_storagemedium) VALUES (19, 'Isopropanol', 'Isopropanol');
INSERT INTO MUSARK_ANALYSIS.STORAGEMEDIUM (storagemedium_id, no_storagemedium, en_storagemedium) VALUES (20, 'Langmeir solution', 'Langmeir solution');
INSERT INTO MUSARK_ANALYSIS.STORAGEMEDIUM (storagemedium_id, no_storagemedium, en_storagemedium) VALUES (21, 'Queens lysis buffer', 'Queens lysis buffer');
INSERT INTO MUSARK_ANALYSIS.STORAGEMEDIUM (storagemedium_id, no_storagemedium, en_storagemedium) VALUES (22, 'RNAlater', 'RNAlater');
INSERT INTO MUSARK_ANALYSIS.STORAGEMEDIUM (storagemedium_id, no_storagemedium, en_storagemedium) VALUES (23, 'SET buffer', 'SET buffer');
INSERT INTO MUSARK_ANALYSIS.STORAGEMEDIUM (storagemedium_id, no_storagemedium, en_storagemedium) VALUES (24, 'Silika', 'Silica gel');
INSERT INTO MUSARK_ANALYSIS.STORAGEMEDIUM (storagemedium_id, no_storagemedium, en_storagemedium) VALUES (25, 'Tørr', 'Dry');
INSERT INTO MUSARK_ANALYSIS.STORAGEMEDIUM (storagemedium_id, no_storagemedium, en_storagemedium) VALUES (26, 'Parafinvoks', 'Paraffin wax');
INSERT INTO MUSARK_ANALYSIS.STORAGEMEDIUM (storagemedium_id, no_storagemedium, en_storagemedium) VALUES (27, 'Buffer Tris-HCL (u/EDTA)', 'Buffer Tris-HCL (no EDTA)');
INSERT INTO MUSARK_ANALYSIS.STORAGEMEDIUM (storagemedium_id, no_storagemedium, en_storagemedium) VALUES (28, 'Buffer TBE', 'Buffer TBE');

-- INSERTING STORAGE CONTAINERS
INSERT INTO MUSARK_ANALYSIS.STORAGECONTAINER (storagecontainer_id, no_storagecontainer, en_storagecontainer) VALUES (1, 'Eppendorfrør', 'Eppendorf tube');
INSERT INTO MUSARK_ANALYSIS.STORAGECONTAINER (storagecontainer_id, no_storagecontainer, en_storagecontainer) VALUES (2, 'Kryorør', 'Cryo tube');
INSERT INTO MUSARK_ANALYSIS.STORAGECONTAINER (storagecontainer_id, no_storagecontainer, en_storagecontainer) VALUES (4, 'Lynlåspose, plast (LDPE)', 'Self-sealing bags, plastic (LDPE)');
INSERT INTO MUSARK_ANALYSIS.STORAGECONTAINER (storagecontainer_id, no_storagecontainer, en_storagecontainer) VALUES (5, 'Mikrofilterplate', 'Microfilter plate');
INSERT INTO MUSARK_ANALYSIS.STORAGECONTAINER (storagecontainer_id, no_storagecontainer, en_storagecontainer) VALUES (6, 'Mikrosentrifugerør', 'Microcentrifuge tube');
INSERT INTO MUSARK_ANALYSIS.STORAGECONTAINER (storagecontainer_id, no_storagecontainer, en_storagecontainer) VALUES (7, 'Papirpose', 'Paper bag');
INSERT INTO MUSARK_ANALYSIS.STORAGECONTAINER (storagecontainer_id, no_storagecontainer, en_storagecontainer) VALUES (8, 'PCR-rør', 'PCR tube');
INSERT INTO MUSARK_ANALYSIS.STORAGECONTAINER (storagecontainer_id, no_storagecontainer, en_storagecontainer) VALUES (9, 'Større plastbeholder m/skrulokk', 'Larger plastic container with screw lid');
INSERT INTO MUSARK_ANALYSIS.STORAGECONTAINER (storagecontainer_id, no_storagecontainer, en_storagecontainer) VALUES (10, 'Større glassbeholder m/skrulokk', 'Larger glas container with screw lid');
INSERT INTO MUSARK_ANALYSIS.STORAGECONTAINER (storagecontainer_id, no_storagecontainer, en_storagecontainer) VALUES (11, 'Plastrør 0,2 mL', 'Plastic tube 0.2 ml');
INSERT INTO MUSARK_ANALYSIS.STORAGECONTAINER (storagecontainer_id, no_storagecontainer, en_storagecontainer) VALUES (12, 'Plastrør 0,5 mL', 'Plastic tube 0.5 ml');
INSERT INTO MUSARK_ANALYSIS.STORAGECONTAINER (storagecontainer_id, no_storagecontainer, en_storagecontainer) VALUES (13, 'Plastrør 1,5 mL', 'Plastic tube 1.5 ml');
INSERT INTO MUSARK_ANALYSIS.STORAGECONTAINER (storagecontainer_id, no_storagecontainer, en_storagecontainer) VALUES (14, 'Plastrør 2,0 mL', 'Plastic tube 2.0 ml');
INSERT INTO MUSARK_ANALYSIS.STORAGECONTAINER (storagecontainer_id, no_storagecontainer, en_storagecontainer) VALUES (15, 'Plastrør 8,0 mL', 'Plastic tube 8.0 ml');
INSERT INTO MUSARK_ANALYSIS.STORAGECONTAINER (storagecontainer_id, no_storagecontainer, en_storagecontainer) VALUES (16, 'Plastrør 15 mL', 'Plastic tube 15 ml');
INSERT INTO MUSARK_ANALYSIS.STORAGECONTAINER (storagecontainer_id, no_storagecontainer, en_storagecontainer) VALUES (17, 'Plastrør 50 mL', 'Plastic tube 50 ml');
INSERT INTO MUSARK_ANALYSIS.STORAGECONTAINER (storagecontainer_id, no_storagecontainer, en_storagecontainer) VALUES (18, 'Mikrotiterplate 96 brønner', 'Microtiter plate 96 wells');
INSERT INTO MUSARK_ANALYSIS.STORAGECONTAINER (storagecontainer_id, no_storagecontainer, en_storagecontainer) VALUES (19, 'Syrefri pappeske', 'Acid free cardboard box');
INSERT INTO MUSARK_ANALYSIS.STORAGECONTAINER (storagecontainer_id, no_storagecontainer, en_storagecontainer) VALUES (20, 'Syrefritt silkepapir', 'Acid free tissue');
INSERT INTO MUSARK_ANALYSIS.STORAGECONTAINER (storagecontainer_id, no_storagecontainer, en_storagecontainer) VALUES (21, 'Pappeske, ikke arkivstandard', 'Cardboard box, not archival standard');
INSERT INTO MUSARK_ANALYSIS.STORAGECONTAINER (storagecontainer_id, no_storagecontainer, en_storagecontainer) VALUES (22, 'Polyetylen skum (Ethafoam/Plastazote)', 'Polyethylene Foam (Ethafoam/Plastazote)');
INSERT INTO MUSARK_ANALYSIS.STORAGECONTAINER (storagecontainer_id, no_storagecontainer, en_storagecontainer) VALUES (23, 'Polystyren eske', 'Polystyrene box');
INSERT INTO MUSARK_ANALYSIS.STORAGECONTAINER (storagecontainer_id, no_storagecontainer, en_storagecontainer) VALUES (24, 'Reagensglass', 'Locked test tubes');
INSERT INTO MUSARK_ANALYSIS.STORAGECONTAINER (storagecontainer_id, no_storagecontainer, en_storagecontainer) VALUES (25, 'Prøvekube', 'Small locked test tubes');
INSERT INTO MUSARK_ANALYSIS.STORAGECONTAINER (storagecontainer_id, no_storagecontainer, en_storagecontainer) VALUES (26, 'PVC-rør', 'PVC-tube');
INSERT INTO MUSARK_ANALYSIS.STORAGECONTAINER (storagecontainer_id, no_storagecontainer, en_storagecontainer) VALUES (27, 'Kasseprøve', 'Wooden box');
INSERT INTO MUSARK_ANALYSIS.STORAGECONTAINER (storagecontainer_id, no_storagecontainer, en_storagecontainer) VALUES (28, 'Plastboks (5 L)', 'Box (plastic) 5 L');
INSERT INTO MUSARK_ANALYSIS.STORAGECONTAINER (storagecontainer_id, no_storagecontainer, en_storagecontainer) VALUES (29, 'Isbiter boks', 'Ice-cube box');
INSERT INTO MUSARK_ANALYSIS.STORAGECONTAINER (storagecontainer_id, no_storagecontainer, en_storagecontainer) VALUES (30, 'Preparateske for slides', 'Slidebox');

-- INSERTING SAMPLE TYPES
INSERT INTO MUSARK_ANALYSIS.SAMPLE_TYPE (sampletype_id, no_sampletype, en_sampletype, no_samplesubtype, en_samplesubtype) VALUES (1, 'DNA-ekstrakt', 'DNA extract', 'aDNA', 'aDNA');
INSERT INTO MUSARK_ANALYSIS.SAMPLE_TYPE (sampletype_id, no_sampletype, en_sampletype, no_samplesubtype, en_samplesubtype) VALUES (2, 'DNA-ekstrakt', 'DNA extract', 'eDNA', 'eDNA');
INSERT INTO MUSARK_ANALYSIS.SAMPLE_TYPE (sampletype_id, no_sampletype, en_sampletype, no_samplesubtype, en_samplesubtype) VALUES (3, 'DNA-ekstrakt', 'DNA extract', 'gDNA', 'gDNA');
INSERT INTO MUSARK_ANALYSIS.SAMPLE_TYPE (sampletype_id, no_sampletype, en_sampletype, no_samplesubtype, en_samplesubtype) VALUES (4, 'DNA-ekstrakt', 'DNA extract', 'rDNA', 'rDNA');
INSERT INTO MUSARK_ANALYSIS.SAMPLE_TYPE (sampletype_id, no_sampletype, en_sampletype, no_samplesubtype, en_samplesubtype) VALUES (5, 'Vev', 'Tissue', 'Frø', 'Seed');
INSERT INTO MUSARK_ANALYSIS.SAMPLE_TYPE (sampletype_id, no_sampletype, en_sampletype, no_samplesubtype, en_samplesubtype) VALUES (6, 'Levende individ', 'Living individual', '', '');
INSERT INTO MUSARK_ANALYSIS.SAMPLE_TYPE (sampletype_id, no_sampletype, en_sampletype, no_samplesubtype, en_samplesubtype) VALUES (7, 'Parasitt', 'Parasite', 'Ektoparasitt', 'Ectoparasite');
INSERT INTO MUSARK_ANALYSIS.SAMPLE_TYPE (sampletype_id, no_sampletype, en_sampletype, no_samplesubtype, en_samplesubtype) VALUES (8, 'Parasitt', 'Parasite', 'Endoparasitt', 'Endoparasite');
INSERT INTO MUSARK_ANALYSIS.SAMPLE_TYPE (sampletype_id, no_sampletype, en_sampletype, no_samplesubtype, en_samplesubtype) VALUES (9, 'RNA-bibliotek', 'RNA library', '', '');
INSERT INTO MUSARK_ANALYSIS.SAMPLE_TYPE (sampletype_id, no_sampletype, en_sampletype, no_samplesubtype, en_samplesubtype) VALUES (10, 'RNA-ekstrakt', 'RNA extract', '', '');
INSERT INTO MUSARK_ANALYSIS.SAMPLE_TYPE (sampletype_id, no_sampletype, en_sampletype, no_samplesubtype, en_samplesubtype) VALUES (11, 'Vev', 'Tissue', 'Apothecia', 'Apothecia');
INSERT INTO MUSARK_ANALYSIS.SAMPLE_TYPE (sampletype_id, no_sampletype, en_sampletype, no_samplesubtype, en_samplesubtype) VALUES (12, 'Vev', 'Tissue', 'Bein', 'Bone');
INSERT INTO MUSARK_ANALYSIS.SAMPLE_TYPE (sampletype_id, no_sampletype, en_sampletype, no_samplesubtype, en_samplesubtype) VALUES (13, 'Vev', 'Tissue', 'Binde- og støttevev', 'Connective tissue');
INSERT INTO MUSARK_ANALYSIS.SAMPLE_TYPE (sampletype_id, no_sampletype, en_sampletype, no_samplesubtype, en_samplesubtype) VALUES (14, 'Vev', 'Tissue', 'Blad', 'Leaf');
INSERT INTO MUSARK_ANALYSIS.SAMPLE_TYPE (sampletype_id, no_sampletype, en_sampletype, no_samplesubtype, en_samplesubtype) VALUES (15, 'Vev', 'Tissue', 'Blod', 'Blood');
INSERT INTO MUSARK_ANALYSIS.SAMPLE_TYPE (sampletype_id, no_sampletype, en_sampletype, no_samplesubtype, en_samplesubtype) VALUES (16, 'Vev', 'Tissue', 'Epitelvev', 'Epithelial tissue');
INSERT INTO MUSARK_ANALYSIS.SAMPLE_TYPE (sampletype_id, no_sampletype, en_sampletype, no_samplesubtype, en_samplesubtype) VALUES (17, 'Vev', 'Tissue', 'Fjær', 'Feather');
INSERT INTO MUSARK_ANALYSIS.SAMPLE_TYPE (sampletype_id, no_sampletype, en_sampletype, no_samplesubtype, en_samplesubtype) VALUES (18, 'Vev', 'Tissue', 'Føtter', 'Legs');
INSERT INTO MUSARK_ANALYSIS.SAMPLE_TYPE (sampletype_id, no_sampletype, en_sampletype, no_samplesubtype, en_samplesubtype) VALUES (19, 'Vev', 'Tissue', 'Grunnvev', 'Ground tissue');
INSERT INTO MUSARK_ANALYSIS.SAMPLE_TYPE (sampletype_id, no_sampletype, en_sampletype, no_samplesubtype, en_samplesubtype) VALUES (20, 'Vev', 'Tissue', 'Hale', 'Tail');
INSERT INTO MUSARK_ANALYSIS.SAMPLE_TYPE (sampletype_id, no_sampletype, en_sampletype, no_samplesubtype, en_samplesubtype) VALUES (21, 'Vev', 'Tissue', 'Hjerne', 'Brain');
INSERT INTO MUSARK_ANALYSIS.SAMPLE_TYPE (sampletype_id, no_sampletype, en_sampletype, no_samplesubtype, en_samplesubtype) VALUES (22, 'Vev', 'Tissue', 'Hudvev', 'Epidermis');
INSERT INTO MUSARK_ANALYSIS.SAMPLE_TYPE (sampletype_id, no_sampletype, en_sampletype, no_samplesubtype, en_samplesubtype) VALUES (23, 'Vev', 'Tissue', 'Hår', 'Hair');
INSERT INTO MUSARK_ANALYSIS.SAMPLE_TYPE (sampletype_id, no_sampletype, en_sampletype, no_samplesubtype, en_samplesubtype) VALUES (24, 'Vev', 'Tissue', 'Knokkel', 'Bone');
INSERT INTO MUSARK_ANALYSIS.SAMPLE_TYPE (sampletype_id, no_sampletype, en_sampletype, no_samplesubtype, en_samplesubtype) VALUES (25, 'Vev', 'Tissue', 'Ledningsvev', 'Vascular tissue');
INSERT INTO MUSARK_ANALYSIS.SAMPLE_TYPE (sampletype_id, no_sampletype, en_sampletype, no_samplesubtype, en_samplesubtype) VALUES (26, 'Vev', 'Tissue', 'Lever', 'Liver');
INSERT INTO MUSARK_ANALYSIS.SAMPLE_TYPE (sampletype_id, no_sampletype, en_sampletype, no_samplesubtype, en_samplesubtype) VALUES (27, 'Vev', 'Tissue', 'Muskel', 'Muscle');
INSERT INTO MUSARK_ANALYSIS.SAMPLE_TYPE (sampletype_id, no_sampletype, en_sampletype, no_samplesubtype, en_samplesubtype) VALUES (28, 'Vev', 'Tissue', 'Nervevev', 'Nervous tissue');
INSERT INTO MUSARK_ANALYSIS.SAMPLE_TYPE (sampletype_id, no_sampletype, en_sampletype, no_samplesubtype, en_samplesubtype) VALUES (29, 'Vev', 'Tissue', 'Plasma', 'Plasma');
INSERT INTO MUSARK_ANALYSIS.SAMPLE_TYPE (sampletype_id, no_sampletype, en_sampletype, no_samplesubtype, en_samplesubtype) VALUES (30, 'Vev', 'Tissue', 'Skinn', 'Skin');
INSERT INTO MUSARK_ANALYSIS.SAMPLE_TYPE (sampletype_id, no_sampletype, en_sampletype, no_samplesubtype, en_samplesubtype) VALUES (31, 'Vev', 'Tissue', 'Soredia', 'Soredia');
INSERT INTO MUSARK_ANALYSIS.SAMPLE_TYPE (sampletype_id, no_sampletype, en_sampletype, no_samplesubtype, en_samplesubtype) VALUES (32, 'Vev', 'Tissue', 'Testikkel', 'Testicle');
INSERT INTO MUSARK_ANALYSIS.SAMPLE_TYPE (sampletype_id, no_sampletype, en_sampletype, no_samplesubtype, en_samplesubtype) VALUES (33, 'Vev', 'Tissue', 'Thallus', 'Thallus');
INSERT INTO MUSARK_ANALYSIS.SAMPLE_TYPE (sampletype_id, no_sampletype, en_sampletype, no_samplesubtype, en_samplesubtype) VALUES (34, 'Vev', 'Tissue', 'Tåpute', 'Toe pad');
INSERT INTO MUSARK_ANALYSIS.SAMPLE_TYPE (sampletype_id, no_sampletype, en_sampletype, no_samplesubtype, en_samplesubtype) VALUES (35, 'Vev', 'Tissue', 'Vinge', 'Wing');
INSERT INTO MUSARK_ANALYSIS.SAMPLE_TYPE (sampletype_id, no_sampletype, en_sampletype, no_samplesubtype, en_samplesubtype) VALUES (36, 'Vev', 'Tissue', 'Øre', 'Ear');
INSERT INTO MUSARK_ANALYSIS.SAMPLE_TYPE (sampletype_id, no_sampletype, en_sampletype, no_samplesubtype, en_samplesubtype) VALUES (37, 'Materiale', 'Material', '', '');
INSERT INTO MUSARK_ANALYSIS.SAMPLE_TYPE (sampletype_id, no_sampletype, en_sampletype, no_samplesubtype, en_samplesubtype) VALUES (38, 'Arkeologisk materiale', 'Archaeological material', 'leire ', 'clay');
INSERT INTO MUSARK_ANALYSIS.SAMPLE_TYPE (sampletype_id, no_sampletype, en_sampletype, no_samplesubtype, en_samplesubtype) VALUES (39, 'Arkeologisk materiale', 'Archaeological material', 'lerret', 'canvas');
INSERT INTO MUSARK_ANALYSIS.SAMPLE_TYPE (sampletype_id, no_sampletype, en_sampletype, no_samplesubtype, en_samplesubtype) VALUES (40, 'Arkeologisk materiale', 'Archaeological material', 'lin', 'flax');
INSERT INTO MUSARK_ANALYSIS.SAMPLE_TYPE (sampletype_id, no_sampletype, en_sampletype, no_samplesubtype, en_samplesubtype) VALUES (41, 'Arkeologisk materiale', 'Archaeological material', 'lær', 'leather');
INSERT INTO MUSARK_ANALYSIS.SAMPLE_TYPE (sampletype_id, no_sampletype, en_sampletype, no_samplesubtype, en_samplesubtype) VALUES (164, 'Etnografisk materiale', 'Ethnografic material', 'agat', 'agate');
INSERT INTO MUSARK_ANALYSIS.SAMPLE_TYPE (sampletype_id, no_sampletype, en_sampletype, no_samplesubtype, en_samplesubtype) VALUES (165, 'Etnografisk materiale', 'Ethnografic material', 'akryl', 'acrylic');
INSERT INTO MUSARK_ANALYSIS.SAMPLE_TYPE (sampletype_id, no_sampletype, en_sampletype, no_samplesubtype, en_samplesubtype) VALUES (166, 'Etnografisk materiale', 'Ethnografic material', 'alabast', 'alabaster');
INSERT INTO MUSARK_ANALYSIS.SAMPLE_TYPE (sampletype_id, no_sampletype, en_sampletype, no_samplesubtype, en_samplesubtype) VALUES (167, 'Etnografisk materiale', 'Ethnografic material', 'ametyst', 'amethyst');
INSERT INTO MUSARK_ANALYSIS.SAMPLE_TYPE (sampletype_id, no_sampletype, en_sampletype, no_samplesubtype, en_samplesubtype) VALUES (376, 'Numismatisk materiale', 'Numismatic material', 'Porselen', 'Porcelain');
INSERT INTO MUSARK_ANALYSIS.SAMPLE_TYPE (sampletype_id, no_sampletype, en_sampletype, no_samplesubtype, en_samplesubtype) VALUES (377, 'Numismatisk materiale', 'Numismatic material', 'Sink', 'Zink');
INSERT INTO MUSARK_ANALYSIS.SAMPLE_TYPE (sampletype_id, no_sampletype, en_sampletype, no_samplesubtype, en_samplesubtype) VALUES (378, 'Numismatisk materiale', 'Numismatic material', 'Stål', 'Steel');
INSERT INTO MUSARK_ANALYSIS.SAMPLE_TYPE (sampletype_id, no_sampletype, en_sampletype, no_samplesubtype, en_samplesubtype) VALUES (380, 'Sediment-/jordprøver', 'Sediment and soil samples', 'C/N prøver', 'C/N samples');
INSERT INTO MUSARK_ANALYSIS.SAMPLE_TYPE (sampletype_id, no_sampletype, en_sampletype, no_samplesubtype, en_samplesubtype) VALUES (381, 'Sediment-/jordprøver', 'Sediment and soil samples', 'Jordmikromorfologiske prøver', 'Soil micromorphology samples');
INSERT INTO MUSARK_ANALYSIS.SAMPLE_TYPE (sampletype_id, no_sampletype, en_sampletype, no_samplesubtype, en_samplesubtype) VALUES (382, 'Sediment-/jordprøver', 'Sediment and soil samples', 'Kornfordelingsprøver', 'Grain size distribution (GSD) samples');

--------------------------------------------------------------------------------
-- LOAN MODULE
--------------------------------------------------------------------------------
CREATE SCHEMA IF NOT EXISTS MUSARK_LOAN;

CREATE TABLE MUSARK_LOAN.LOAN_EVENT (
  event_id        NUMBER(20) GENERATED BY DEFAULT AS IDENTITY,
  type_id         INTEGER      NOT NULL,
  event_date      TIMESTAMP    NOT NULL,
  registered_by   VARCHAR2(36) NOT NULL,
  registered_date TIMESTAMP    NOT NULL,
  museum_id       INTEGER      NOT NULL,
  part_of         NUMBER(20),
  object_uuid     VARCHAR2(36),
  case_numbers    VARCHAR2(1000),
  note            VARCHAR2(500),
  event_json      CLOB,
  PRIMARY KEY (event_id)
);

CREATE TABLE MUSARK_LOAN.ACTIVE_LOAN (
  active_loan_id NUMBER(20) GENERATED BY DEFAULT AS IDENTITY,
  museum_id      INTEGER      NOT NULL,
  object_uuid    VARCHAR2(36) NOT NULL UNIQUE,
  event_id       NUMBER(20)   NOT NULL,
  return_date    TIMESTAMP    NOT NULL,
  PRIMARY KEY (active_loan_id)
);

CREATE TABLE MUSARK_LOAN.LENT_OBJECT (
  lent_object_id NUMBER(20) GENERATED BY DEFAULT AS IDENTITY,
  event_id       NUMBER(20)   NOT NULL,
  object_uuid    VARCHAR2(36) NOT NULL,
  PRIMARY KEY (lent_object_id)
);

--------------------------------------------------------------------------------
-- INSERTING TEST DATA
--------------------------------------------------------------------------------

INSERT INTO MUSARK_AUTH.USER_INFO (USER_UUID, SECONDARY_ID, NAME, EMAIL) VALUES ('12345678-adb2-4b49-bce3-320ddfe6c90f', 'feide:fred@foo.com', 'Fred Flintstone', 'f.flintstone@foo.bar.com');
INSERT INTO MUSARK_AUTH.USER_INFO (USER_UUID, SECONDARY_ID, NAME, EMAIL) VALUES ('d5a9a938-0905-470b-a892-88d0e7359579', 'feide:barney@foo.com', 'Barney Rubble', 'b.rubble@foo.bar.com');

INSERT INTO MUSIT_MAPPING.ACTOR (ACTORNAME, DATAPORTEN_UUID, DATAPORTEN_USERNAME, APPLICATION_UUID, MUSEUM_ID) VALUES ('And, Arne1', NULL, 'andarn', '41ede78c-a6f6-4744-adad-02c25fb1c97c', 99);
INSERT INTO MUSIT_MAPPING.ACTOR (ACTORNAME, DATAPORTEN_UUID, DATAPORTEN_USERNAME, APPLICATION_UUID, MUSEUM_ID) VALUES ('Kanin, Kalle1', NULL, 'kaninka', '5224f873-5fe1-44ec-9aaf-b9313db410c6', 99);

INSERT INTO MUSARK_ACTOR.ORGANISATION (ORG_ID, FULL_NAME, TEL, WEB, SYNONYMS, SERVICE_TAGS) VALUES (1, 'Kulturhistorisk museum - Universitetet i Oslo', '22 85 19 00', 'www.khm.uio.no', '|Kulturhistorisk museum|UKM|KHM|', '|storage_facility|');
INSERT INTO MUSARK_ACTOR.ORGANISATION (ORG_ID, FULL_NAME, TEL, WEB, SYNONYMS, SERVICE_TAGS) VALUES (10, 'Arkeologisk museum', '22', 'ee', '|Ark museum|AM|', '');

INSERT INTO MUSARK_ACTOR.ORGANISATION (ORG_ID, FULL_NAME, TEL, WEB, SERVICE_TAGS, CONTACT, EMAIL) VALUES (394, 'University of Pisa, Department of Chemistry and Industrial Chemistry', '39-050-2219258', 'http://www.scich.it/index.html', '|analysis|', 'Maria Perla Colombini / Jeannette J. Lucejko', 'j.lucejko@dcci.unipi.it');
INSERT INTO MUSARK_ACTOR.ORGANISATION (ORG_ID, FULL_NAME, TEL, WEB, SERVICE_TAGS, CONTACT, EMAIL) VALUES (393, 'University College London', '', '', '|analysis|', 'Richard I Macphail', 'r.macphail@ucl.ac.uk');
INSERT INTO MUSARK_ACTOR.ORGANISATION (ORG_ID, FULL_NAME, TEL, WEB, SERVICE_TAGS, CONTACT, EMAIL) VALUES (392, 'Universitetet i Bergen', '', 'http://www.uib.no/fg/flom/63523/paleozoologi', '|analysis|', 'Anne Karin Hufthammer', 'Anne.Hufthammer@uib.no');
INSERT INTO MUSARK_ACTOR.ORGANISATION (ORG_ID, FULL_NAME, TEL, WEB, SERVICE_TAGS, CONTACT, EMAIL) VALUES (391, 'Umeå Universitet', '46-90-786 7939', 'Johan.Linderholm@umu.se', '|analysis|', 'Johan Linderholm', 'Johan.Linderholm@umu.se');
INSERT INTO MUSARK_ACTOR.ORGANISATION (ORG_ID, FULL_NAME, TEL, WEB, SERVICE_TAGS, CONTACT, EMAIL) VALUES (390, 'Stoneslab', '4618 461003 / 46702606334', 'http://stoneslab.se/', '|analysis|', '', 'stonesslab@gmail.com');
INSERT INTO MUSARK_ACTOR.ORGANISATION (ORG_ID, FULL_NAME, TEL, WEB, SERVICE_TAGS, CONTACT, EMAIL) VALUES (389, 'Societas Archaeologica Upsaliensis (SAU)', '', 'http://www.sau.se/service/osteologi/', '|analysis|', 'Emma Sjöling', 'emma.sjoling@sau.se');
INSERT INTO MUSARK_ACTOR.ORGANISATION (ORG_ID, FULL_NAME, TEL, WEB, SERVICE_TAGS, CONTACT, EMAIL) VALUES (388, 'Rolf Sørensen, Kari E. Henningsmoen og Helge Irgens Høeg', '', '', '|analysis|', '', '');
INSERT INTO MUSARK_ACTOR.ORGANISATION (ORG_ID, FULL_NAME, TEL, WEB, SERVICE_TAGS, CONTACT, EMAIL) VALUES (387, 'Research Laboratory for Archaeology & The History of Art', '', '', '|analysis|', '', '');
INSERT INTO MUSARK_ACTOR.ORGANISATION (ORG_ID, FULL_NAME, TEL, WEB, SERVICE_TAGS, CONTACT, EMAIL) VALUES (386, 'Poznan radiocarbon laboratory', '', '', '|analysis|', '', 'c.fourteen@radiocarbon.pl');
INSERT INTO MUSARK_ACTOR.ORGANISATION (ORG_ID, FULL_NAME, TEL, WEB, SERVICE_TAGS, CONTACT, EMAIL) VALUES (385, 'NTNU Genomics Core Facility', '72825345', 'http://www.ntnu.edu/mh/gcf', '|analysis|', 'Vidar Beisvåg', 'vidar.beisvag@ntnu.no');
INSERT INTO MUSARK_ACTOR.ORGANISATION (ORG_ID, FULL_NAME, TEL, WEB, SERVICE_TAGS, CONTACT, EMAIL) VALUES (384, 'Norwegian Geological Survey', '', '', '|analysis|', '', 'ngu@ngu.no');
INSERT INTO MUSARK_ACTOR.ORGANISATION (ORG_ID, FULL_NAME, TEL, WEB, SERVICE_TAGS, CONTACT, EMAIL) VALUES (383, 'Nordic Laboratory for Luminescence Dating, Risø National Laboratory', '', '', '|analysis|', '', '');
INSERT INTO MUSARK_ACTOR.ORGANISATION (ORG_ID, FULL_NAME, TEL, WEB, SERVICE_TAGS, CONTACT, EMAIL) VALUES (382, 'NOK - Natur og Kultur', '', 'www.nokam.dk', '|analysis|', 'Annine Moltsen', 'nok@nokam.dk');
INSERT INTO MUSARK_ACTOR.ORGANISATION (ORG_ID, FULL_NAME, TEL, WEB, SERVICE_TAGS, CONTACT, EMAIL) VALUES (381, 'Naturhistoriska riksmuseet', '', '', '|analysis|', 'Kjell Billström', '');
INSERT INTO MUSARK_ACTOR.ORGANISATION (ORG_ID, FULL_NAME, TEL, WEB, SERVICE_TAGS, CONTACT, EMAIL) VALUES (380, 'Naturhistorisk musuem, UiO', '', '', '|analysis|', 'Hans-Jørgen Berg', '');
INSERT INTO MUSARK_ACTOR.ORGANISATION (ORG_ID, FULL_NAME, TEL, WEB, SERVICE_TAGS, CONTACT, EMAIL) VALUES (379, 'Nasjonallaboratoriene for datering', '73 59 33 06', 'http://www.ntnu.no/museum/nasjonallaboratoriene-for-datering', '|analysis|', 'Marie-Josée Nadeau / Terje Thun', 'datlab@vm.ntnu.no');
INSERT INTO MUSARK_ACTOR.ORGANISATION (ORG_ID, FULL_NAME, TEL, WEB, SERVICE_TAGS, CONTACT, EMAIL) VALUES (378, 'Museum of Archaeology/UiS', '51832600', 'http://am.uis.no/', '|analysis|', 'Håkan Petterson', 'post-am@uis.no');
INSERT INTO MUSARK_ACTOR.ORGANISATION (ORG_ID, FULL_NAME, TEL, WEB, SERVICE_TAGS, CONTACT, EMAIL) VALUES (377, 'Molekylær-lab', '73 59 21 45 / 73 59 21 60', 'http://www.ntnu.no/web/museum/', '|analysis|', '', 'post@vm.ntnu.no');
INSERT INTO MUSARK_ACTOR.ORGANISATION (ORG_ID, FULL_NAME, TEL, WEB, SERVICE_TAGS, CONTACT, EMAIL) VALUES (376, 'Moesgård Museum', '0045 87 39 40 41', '', '|analysis|', 'Peter Hambro Mikkelsen', 'peter.hambro.mikkelsen@moesmus.dk');
INSERT INTO MUSARK_ACTOR.ORGANISATION (ORG_ID, FULL_NAME, TEL, WEB, SERVICE_TAGS, CONTACT, EMAIL) VALUES (375, 'Miljöarkeologiska laboratoriet (MAL)', '', '', '|analysis|', '', 'mal@umu.se');
INSERT INTO MUSARK_ACTOR.ORGANISATION (ORG_ID, FULL_NAME, TEL, WEB, SERVICE_TAGS, CONTACT, EMAIL) VALUES (374, 'Malmö Kulturmiljö', '', '', '|analysis|', 'Anders Högberg', '');
INSERT INTO MUSARK_ACTOR.ORGANISATION (ORG_ID, FULL_NAME, TEL, WEB, SERVICE_TAGS, CONTACT, EMAIL) VALUES (373, 'Macrogen Europe', '', 'http://dna.macrogen.com/eng/', '|analysis|', '', '');
INSERT INTO MUSARK_ACTOR.ORGANISATION (ORG_ID, FULL_NAME, TEL, WEB, SERVICE_TAGS, CONTACT, EMAIL) VALUES (372, 'Lunds universitet', '', 'http://www.geologi.lu.se/forskning/laboratorier-utrustning/laboratoriet-for-14c-datering', '|analysis|', 'Mats Rundgren', 'mats.rundgren@geol.lu.se');
INSERT INTO MUSARK_ACTOR.ORGANISATION (ORG_ID, FULL_NAME, TEL, WEB, SERVICE_TAGS, CONTACT, EMAIL) VALUES (371, 'Luminescence Dating Laboratory', '(206) 543-5240', '', '|analysis|', '', 'anthinfo@uw.edu');
INSERT INTO MUSARK_ACTOR.ORGANISATION (ORG_ID, FULL_NAME, TEL, WEB, SERVICE_TAGS, CONTACT, EMAIL) VALUES (370, 'Konserveringslab', '73 59 21 45 / 73 59 21 60', 'http://www.ntnu.no/web/museum/', '|analysis|', '', 'post@vm.ntnu.no');
INSERT INTO MUSARK_ACTOR.ORGANISATION (ORG_ID, FULL_NAME, TEL, WEB, SERVICE_TAGS, CONTACT, EMAIL) VALUES (369, 'Jakobsson Lab', '', 'http://www.iob.uu.se/research/evolution-and-development/jakobsson?languageId=1', '|analysis|', '', '');
INSERT INTO MUSARK_ACTOR.ORGANISATION (ORG_ID, FULL_NAME, TEL, WEB, SERVICE_TAGS, CONTACT, EMAIL) VALUES (368, 'Institutt for Geovitenskap, UiB', '55583387/55582628', '', '|analysis|', 'Ole Tumyr', 'ole.tumyr@uib.no');
INSERT INTO MUSARK_ACTOR.ORGANISATION (ORG_ID, FULL_NAME, TEL, WEB, SERVICE_TAGS, CONTACT, EMAIL) VALUES (367, 'Institute of Archaeology, University College London', '44 (0)20 7679 4760', 'http://www.ucl.ac.uk/archaeology/staff/profiles/macphail.htm', '|analysis|', 'Dr Richard I Macphail', 'r.macphail@ucl.ac.uk');
INSERT INTO MUSARK_ACTOR.ORGANISATION (ORG_ID, FULL_NAME, TEL, WEB, SERVICE_TAGS, CONTACT, EMAIL) VALUES (366, 'Heimdal-archaeometry', '45 45 85 72 70 / 45 21 96 31 76.', '', '|analysis|', 'Arne Jouttijärvi', 'heimdal@archaeometry.dk');
INSERT INTO MUSARK_ACTOR.ORGANISATION (ORG_ID, FULL_NAME, TEL, WEB, SERVICE_TAGS, CONTACT, EMAIL) VALUES (365, 'Eurofins Genomics', '49 8092 8289-0', 'https://www.eurofinsgenomics.eu/', '|analysis|', '', 'nfo-eu@eurofins.com');
INSERT INTO MUSARK_ACTOR.ORGANISATION (ORG_ID, FULL_NAME, TEL, WEB, SERVICE_TAGS, CONTACT, EMAIL) VALUES (364, 'DNA-lab Naturhistorisk Museum Oslo', '22851866', 'http://www.nhm.uio.no/english/research/infrastructure/dna-lab/', '|analysis|', 'Jarl Andreas Anmarkrud', 'j.a.anmarkrud@nhm.uio.no');
INSERT INTO MUSARK_ACTOR.ORGANISATION (ORG_ID, FULL_NAME, TEL, WEB, SERVICE_TAGS, CONTACT, EMAIL) VALUES (363, 'Chrono Centre', '', 'http://www.chrono.qub.ac.uk/content.html', '|analysis|', '', 's.hoper@qub.ac.uk / p.j.reimer@qub.ac.uk');
INSERT INTO MUSARK_ACTOR.ORGANISATION (ORG_ID, FULL_NAME, TEL, WEB, SERVICE_TAGS, CONTACT, EMAIL) VALUES (362, 'Centre for Isotope Research', '', 'http://www.rug.nl/research/centre-for-isotope-research/', '|analysis|', '', '');
INSERT INTO MUSARK_ACTOR.ORGANISATION (ORG_ID, FULL_NAME, TEL, WEB, SERVICE_TAGS, CONTACT, EMAIL) VALUES (361, 'Centre for GeoGenetics', '', 'http://geogenetics.ku.dk/', '|analysis|', '', '');
INSERT INTO MUSARK_ACTOR.ORGANISATION (ORG_ID, FULL_NAME, TEL, WEB, SERVICE_TAGS, CONTACT, EMAIL) VALUES (360, 'Canadian Centre for DNA Barcoding', '', 'http://ccdb.ca/', '|analysis|', '', 'info@ccdb.ca');
INSERT INTO MUSARK_ACTOR.ORGANISATION (ORG_ID, FULL_NAME, TEL, WEB, SERVICE_TAGS, CONTACT, EMAIL) VALUES (359, 'Beta Analytic Limited', '442076177459', 'http://www.radiocarbon.com/', '|analysis|', '', 'lab@radiocarbon.com');
INSERT INTO MUSARK_ACTOR.ORGANISATION (ORG_ID, FULL_NAME, TEL, WEB, SERVICE_TAGS, CONTACT, EMAIL) VALUES (358, 'Beta Analytic Inc.', '', '', '|analysis|', '', 'beta@radiocarbon.com');
INSERT INTO MUSARK_ACTOR.ORGANISATION (ORG_ID, FULL_NAME, TEL, WEB, SERVICE_TAGS, CONTACT, EMAIL) VALUES (357, 'Arkeologiska forskningslaboratoriet', '08-16 20 00', 'http://www.archaeology.su.se/arkeologiska-forskningslaboratoriet', '|analysis|', '', '');
INSERT INTO MUSARK_ACTOR.ORGANISATION (ORG_ID, FULL_NAME, TEL, WEB, SERVICE_TAGS, CONTACT, EMAIL) VALUES (356, 'Archaeological, Geographical and Environmental Sciences', '', '', '|analysis|', '', '');
INSERT INTO MUSARK_ACTOR.ORGANISATION (ORG_ID, FULL_NAME, TEL, WEB, SERVICE_TAGS, CONTACT, EMAIL) VALUES (355, 'Anders Lindahl', '', '', '|analysis|', '', '');


INSERT INTO MUSARK_ACTOR.ORGANISATION_ADDRESS (ORGADDRESSID, ORG_ID, STREET_ADDRESS, STREET_ADDRESS_2, POSTAL_CODE_PLACE, COUNTRY_NAME) VALUES (1, 355, '', '', 'Lund', 'Sverige');
INSERT INTO MUSARK_ACTOR.ORGANISATION_ADDRESS (ORGADDRESSID, ORG_ID, STREET_ADDRESS, STREET_ADDRESS_2, POSTAL_CODE_PLACE, COUNTRY_NAME) VALUES (2, 356, '', '', 'Bradford', 'Storbritannia');
INSERT INTO MUSARK_ACTOR.ORGANISATION_ADDRESS (ORGADDRESSID, ORG_ID, STREET_ADDRESS, STREET_ADDRESS_2, POSTAL_CODE_PLACE, COUNTRY_NAME) VALUES (3, 357, 'Stockholms universitet', '', 'SE-106 91 Stockholm', 'Sverige');
INSERT INTO MUSARK_ACTOR.ORGANISATION_ADDRESS (ORGADDRESSID, ORG_ID, STREET_ADDRESS, STREET_ADDRESS_2, POSTAL_CODE_PLACE, COUNTRY_NAME) VALUES (4, 358, '4985 S.W. 74 Court', '', 'Miami, Florida, USA 33155', 'USA');
INSERT INTO MUSARK_ACTOR.ORGANISATION_ADDRESS (ORGADDRESSID, ORG_ID, STREET_ADDRESS, STREET_ADDRESS_2, POSTAL_CODE_PLACE, COUNTRY_NAME) VALUES (5, 359, 'London BioScience Innovation Centre', '2 Royal College Street', 'London NW1 ONH', 'Storbritannia');
INSERT INTO MUSARK_ACTOR.ORGANISATION_ADDRESS (ORGADDRESSID, ORG_ID, STREET_ADDRESS, STREET_ADDRESS_2, POSTAL_CODE_PLACE, COUNTRY_NAME) VALUES (6, 360, 'Centre for Biodiversity Genomics', '50 Stone Road East, University of Guelph', 'Guelph, ON, N1G2W1', 'Kanada');
INSERT INTO MUSARK_ACTOR.ORGANISATION_ADDRESS (ORGADDRESSID, ORG_ID, STREET_ADDRESS, STREET_ADDRESS_2, POSTAL_CODE_PLACE, COUNTRY_NAME) VALUES (7, 361, 'Natural History Museum of Denmark, University of Copenhagen', '', '1350 Copenhagen K', 'Danmark');
INSERT INTO MUSARK_ACTOR.ORGANISATION_ADDRESS (ORGADDRESSID, ORG_ID, STREET_ADDRESS, STREET_ADDRESS_2, POSTAL_CODE_PLACE, COUNTRY_NAME) VALUES (8, 362, 'University of Groningen', '', '9700 AB Groningen', 'Nederland');
INSERT INTO MUSARK_ACTOR.ORGANISATION_ADDRESS (ORGADDRESSID, ORG_ID, STREET_ADDRESS, STREET_ADDRESS_2, POSTAL_CODE_PLACE, COUNTRY_NAME) VALUES (9, 363, 'Archaeology & Palaeoecology Building', '42 Fitzwilliam Street', 'Belfast BT9 6AX', 'Northern Ireland/Storbritannia');
INSERT INTO MUSARK_ACTOR.ORGANISATION_ADDRESS (ORGADDRESSID, ORG_ID, STREET_ADDRESS, STREET_ADDRESS_2, POSTAL_CODE_PLACE, COUNTRY_NAME) VALUES (10, 364, 'DNA-lab, Naturhistorisk Museum', 'Postboks 1172 Blindern', '0318 Oslo', 'Norge');
INSERT INTO MUSARK_ACTOR.ORGANISATION_ADDRESS (ORGADDRESSID, ORG_ID, STREET_ADDRESS, STREET_ADDRESS_2, POSTAL_CODE_PLACE, COUNTRY_NAME) VALUES (11, 365, 'Anzingerstr. 7a', '', '85560 Ebersberg', 'Tyskland');
INSERT INTO MUSARK_ACTOR.ORGANISATION_ADDRESS (ORGADDRESSID, ORG_ID, STREET_ADDRESS, STREET_ADDRESS_2, POSTAL_CODE_PLACE, COUNTRY_NAME) VALUES (12, 366, 'Skovledet 30', '', 'DK-2830 Virum', 'Danmark');
INSERT INTO MUSARK_ACTOR.ORGANISATION_ADDRESS (ORGADDRESSID, ORG_ID, STREET_ADDRESS, STREET_ADDRESS_2, POSTAL_CODE_PLACE, COUNTRY_NAME) VALUES (13, 367, 'Institute of Archaeology, University College London', '31-34, Gordon Sq,', 'London, WC1H 0PY', 'Storbritannia');
INSERT INTO MUSARK_ACTOR.ORGANISATION_ADDRESS (ORGADDRESSID, ORG_ID, STREET_ADDRESS, STREET_ADDRESS_2, POSTAL_CODE_PLACE, COUNTRY_NAME) VALUES (14, 368, 'Universitetet i Bergen', 'Postboks 7800', '5020 Bergen', 'Norge');
INSERT INTO MUSARK_ACTOR.ORGANISATION_ADDRESS (ORGADDRESSID, ORG_ID, STREET_ADDRESS, STREET_ADDRESS_2, POSTAL_CODE_PLACE, COUNTRY_NAME) VALUES (15, 369, 'Uppsala University, Dept. of Organismal Biology', '', '75236 Uppsala', 'Sverige');
INSERT INTO MUSARK_ACTOR.ORGANISATION_ADDRESS (ORGADDRESSID, ORG_ID, STREET_ADDRESS, STREET_ADDRESS_2, POSTAL_CODE_PLACE, COUNTRY_NAME) VALUES (16, 370, 'NTNU Vitenskapsmuseet', 'Institutt for arkeologi og kulturhistorie', '7491 Trondheim', 'Norge');
INSERT INTO MUSARK_ACTOR.ORGANISATION_ADDRESS (ORGADDRESSID, ORG_ID, STREET_ADDRESS, STREET_ADDRESS_2, POSTAL_CODE_PLACE, COUNTRY_NAME) VALUES (17, 371, 'Department of Anthropology, University of Washington', '', 'Seattle', 'USA');
INSERT INTO MUSARK_ACTOR.ORGANISATION_ADDRESS (ORGADDRESSID, ORG_ID, STREET_ADDRESS, STREET_ADDRESS_2, POSTAL_CODE_PLACE, COUNTRY_NAME) VALUES (18, 372, 'Geologiska institutionen, Laboratoriet för C14-datering', 'Sölvegatan 12', 'SE‐223 62 Lund', 'Sverige');
INSERT INTO MUSARK_ACTOR.ORGANISATION_ADDRESS (ORGADDRESSID, ORG_ID, STREET_ADDRESS, STREET_ADDRESS_2, POSTAL_CODE_PLACE, COUNTRY_NAME) VALUES (19, 373, 'Meibergdreef 31', '', '1105 AZ, Amsterdam', 'Nederland');
INSERT INTO MUSARK_ACTOR.ORGANISATION_ADDRESS (ORGADDRESSID, ORG_ID, STREET_ADDRESS, STREET_ADDRESS_2, POSTAL_CODE_PLACE, COUNTRY_NAME) VALUES (20, 374, '', '', '', 'Sverige');
INSERT INTO MUSARK_ACTOR.ORGANISATION_ADDRESS (ORGADDRESSID, ORG_ID, STREET_ADDRESS, STREET_ADDRESS_2, POSTAL_CODE_PLACE, COUNTRY_NAME) VALUES (21, 375, 'Umeå universitet', '', '901 87 Umeå', 'Sverige');
INSERT INTO MUSARK_ACTOR.ORGANISATION_ADDRESS (ORGADDRESSID, ORG_ID, STREET_ADDRESS, STREET_ADDRESS_2, POSTAL_CODE_PLACE, COUNTRY_NAME) VALUES (22, 376, 'Afd. for Konservering og Naturvidenskab', 'Moesgaard Allé 15', 'DK-8270 Højbjerg', 'Danmark');
INSERT INTO MUSARK_ACTOR.ORGANISATION_ADDRESS (ORGADDRESSID, ORG_ID, STREET_ADDRESS, STREET_ADDRESS_2, POSTAL_CODE_PLACE, COUNTRY_NAME) VALUES (23, 377, 'NTNU Vitenskapsmuseet', 'Institutt for naturhistorie', '7491 Trondheim', 'Norge');
INSERT INTO MUSARK_ACTOR.ORGANISATION_ADDRESS (ORGADDRESSID, ORG_ID, STREET_ADDRESS, STREET_ADDRESS_2, POSTAL_CODE_PLACE, COUNTRY_NAME) VALUES (24, 378, 'University of Stavanger', 'visit: Peder Klowsgt. 30A', '4036 Stavanger', 'Norge');
INSERT INTO MUSARK_ACTOR.ORGANISATION_ADDRESS (ORGADDRESSID, ORG_ID, STREET_ADDRESS, STREET_ADDRESS_2, POSTAL_CODE_PLACE, COUNTRY_NAME) VALUES (25, 379, 'NTNU Vitenskapsmuseet', '', '7491 Trondheim', 'Norge');
INSERT INTO MUSARK_ACTOR.ORGANISATION_ADDRESS (ORGADDRESSID, ORG_ID, STREET_ADDRESS, STREET_ADDRESS_2, POSTAL_CODE_PLACE, COUNTRY_NAME) VALUES (26, 380, '', '', 'Oslo', 'Norge');
INSERT INTO MUSARK_ACTOR.ORGANISATION_ADDRESS (ORGADDRESSID, ORG_ID, STREET_ADDRESS, STREET_ADDRESS_2, POSTAL_CODE_PLACE, COUNTRY_NAME) VALUES (27, 381, '', '', 'Stockholm', 'Sverige');
INSERT INTO MUSARK_ACTOR.ORGANISATION_ADDRESS (ORGADDRESSID, ORG_ID, STREET_ADDRESS, STREET_ADDRESS_2, POSTAL_CODE_PLACE, COUNTRY_NAME) VALUES (28, 382, 'Tietgensgade 64, st. th', '', '1704  København V', 'Danmark');
INSERT INTO MUSARK_ACTOR.ORGANISATION_ADDRESS (ORGADDRESSID, ORG_ID, STREET_ADDRESS, STREET_ADDRESS_2, POSTAL_CODE_PLACE, COUNTRY_NAME) VALUES (29, 383, '', '', 'Roskilde', 'Danmark');
INSERT INTO MUSARK_ACTOR.ORGANISATION_ADDRESS (ORGADDRESSID, ORG_ID, STREET_ADDRESS, STREET_ADDRESS_2, POSTAL_CODE_PLACE, COUNTRY_NAME) VALUES (30, 384, 'Leiv Eirikssons vei 39, 70410 Trondheim', 'Postboks 6315 Sluppen', '7491 Trondheim', 'Norge');
INSERT INTO MUSARK_ACTOR.ORGANISATION_ADDRESS (ORGADDRESSID, ORG_ID, STREET_ADDRESS, STREET_ADDRESS_2, POSTAL_CODE_PLACE, COUNTRY_NAME) VALUES (31, 385, 'Medisinteknisk forskningssenter', 'Department of Cancer Research and Molecular Medicine', '7489 Trondheim', 'Norge');
INSERT INTO MUSARK_ACTOR.ORGANISATION_ADDRESS (ORGADDRESSID, ORG_ID, STREET_ADDRESS, STREET_ADDRESS_2, POSTAL_CODE_PLACE, COUNTRY_NAME) VALUES (32, 386, 'ul. Rubiez 46', '', '61-62 Poznan', 'Polen');
INSERT INTO MUSARK_ACTOR.ORGANISATION_ADDRESS (ORGADDRESSID, ORG_ID, STREET_ADDRESS, STREET_ADDRESS_2, POSTAL_CODE_PLACE, COUNTRY_NAME) VALUES (33, 387, 'University of Oxford', '', 'Oxford', 'Storbritannia');
INSERT INTO MUSARK_ACTOR.ORGANISATION_ADDRESS (ORGADDRESSID, ORG_ID, STREET_ADDRESS, STREET_ADDRESS_2, POSTAL_CODE_PLACE, COUNTRY_NAME) VALUES (34, 388, 'Strandförskjutningskurva Langangen Telemark', '', '', 'Norge');
INSERT INTO MUSARK_ACTOR.ORGANISATION_ADDRESS (ORGADDRESSID, ORG_ID, STREET_ADDRESS, STREET_ADDRESS_2, POSTAL_CODE_PLACE, COUNTRY_NAME) VALUES (35, 389, 'Thunbergsvägen 5B', '', '752 38 Uppsala Uppsala', 'Sverige');
INSERT INTO MUSARK_ACTOR.ORGANISATION_ADDRESS (ORGADDRESSID, ORG_ID, STREET_ADDRESS, STREET_ADDRESS_2, POSTAL_CODE_PLACE, COUNTRY_NAME) VALUES (36, 390, '', '', '75263 Uppsala', 'Sverige');
INSERT INTO MUSARK_ACTOR.ORGANISATION_ADDRESS (ORGADDRESSID, ORG_ID, STREET_ADDRESS, STREET_ADDRESS_2, POSTAL_CODE_PLACE, COUNTRY_NAME) VALUES (37, 391, 'Miljöarkeologiska laboratoriet', '', 'SE-901 87 Umeå', 'Sverige');
INSERT INTO MUSARK_ACTOR.ORGANISATION_ADDRESS (ORGADDRESSID, ORG_ID, STREET_ADDRESS, STREET_ADDRESS_2, POSTAL_CODE_PLACE, COUNTRY_NAME) VALUES (38, 392, 'Universitetsmuseet, avdeling for naturhistorie', 'Postboks 7800', '5700 Bergen', 'Norge');
INSERT INTO MUSARK_ACTOR.ORGANISATION_ADDRESS (ORGADDRESSID, ORG_ID, STREET_ADDRESS, STREET_ADDRESS_2, POSTAL_CODE_PLACE, COUNTRY_NAME) VALUES (39, 393, 'Institute of Archaeology', '31-34, Gordon Sq', 'London WC1H 0PY', 'Storbritannia');
INSERT INTO MUSARK_ACTOR.ORGANISATION_ADDRESS (ORGADDRESSID, ORG_ID, STREET_ADDRESS, STREET_ADDRESS_2, POSTAL_CODE_PLACE, COUNTRY_NAME) VALUES (40, 394, 'Chemical Science for the Safeguard of Cultural Heritage Group', 'Via Giuseppe Moruzzi 13', '56127 Pisa', 'talia');

-- Inserting nodes
INSERT INTO MUSARK_STORAGE.STORAGE_NODE (STORAGE_NODE_UUID, STORAGE_NODE_NAME, IS_PART_OF, STORAGE_TYPE, NODE_PATH, MUSEUM_ID, UPDATED_BY, UPDATED_DATE) VALUES ('dca44956-40d0-48dc-bd0d-921b825ad019', 'Utviklingsmuseet', NULL, 'Root', ',1,', 99, '896125d3-0563-46b6-a7c5-51f3f899ff0a', TO_DATE('2016-01-01 00:00:00', 'YYYY-MM-DD HH24:MI:SS'));
INSERT INTO MUSARK_STORAGE.STORAGE_NODE (STORAGE_NODE_UUID, STORAGE_NODE_NAME, IS_PART_OF, STORAGE_TYPE, NODE_PATH, MUSEUM_ID, UPDATED_BY, UPDATED_DATE) VALUES ('b56b654a-6de3-442f-97af-ca6d806cc5a6', 'Utenfor museet', NULL, 'RootLoan', ',2,', 99, '896125d3-0563-46b6-a7c5-51f3f899ff0a', TO_DATE('2016-01-01 00:00:00', 'YYYY-MM-DD HH24:MI:SS'));
INSERT INTO MUSARK_STORAGE.STORAGE_NODE (STORAGE_NODE_UUID, STORAGE_NODE_NAME, IS_PART_OF, STORAGE_TYPE, NODE_PATH, MUSEUM_ID, UPDATED_BY, UPDATED_DATE) VALUES ('d3982b48-56c7-4d27-bc81-6e38b59d57ed', 'Utviklingsmuseet Org', 1, 'Organisation', ',1,3,', 99, 'd63ab290-2fab-42d2-9b57-2475dfbd0b3c', TO_DATE('2016-01-01 00:00:00', 'YYYY-MM-DD HH24:MI:SS'));
INSERT INTO MUSARK_STORAGE.STORAGE_NODE (STORAGE_NODE_UUID, STORAGE_NODE_NAME, IS_PART_OF, STORAGE_TYPE, NODE_PATH, MUSEUM_ID, UPDATED_BY, UPDATED_DATE) VALUES ('3562e09e-6cf4-4b27-acad-e655e771c016', 'Forskningens hus', 3, 'Building', ',1,3,4,', 99, 'd63ab290-2fab-42d2-9b57-2475dfbd0b3c', TO_DATE('2016-01-01 00:00:00', 'YYYY-MM-DD HH24:MI:SS'));
INSERT INTO MUSARK_STORAGE.STORAGE_NODE (STORAGE_NODE_UUID, STORAGE_NODE_NAME, IS_PART_OF, STORAGE_TYPE, NODE_PATH, MUSEUM_ID, UPDATED_BY, UPDATED_DATE) VALUES ('01134afe-b262-434b-a71f-8f697bc75e56', 'Kulturværelset', 4, 'Room', ',1,3,4,5,', 99, 'd63ab290-2fab-42d2-9b57-2475dfbd0b3c', TO_DATE('2016-01-01 00:00:00', 'YYYY-MM-DD HH24:MI:SS'));
INSERT INTO MUSARK_STORAGE.STORAGE_NODE (STORAGE_NODE_UUID, STORAGE_NODE_NAME, IS_PART_OF, STORAGE_TYPE, NODE_PATH, MUSEUM_ID, UPDATED_BY, UPDATED_DATE) VALUES ('244f09a3-eb1a-49e7-80ee-7a07baa016dd', 'Naturværelset', 5, 'Room', ',1,3,4,6,', 99, 'd63ab290-2fab-42d2-9b57-2475dfbd0b3c', TO_DATE('2016-01-01 00:00:00', 'YYYY-MM-DD HH24:MI:SS'));
INSERT INTO MUSARK_STORAGE.STORAGE_NODE (STORAGE_NODE_UUID, STORAGE_NODE_NAME, IS_PART_OF, STORAGE_TYPE, NODE_PATH, MUSEUM_ID, UPDATED_BY, UPDATED_DATE) VALUES ('6e5b9810-9bbf-464a-a0b9-c27f6095ba0c', 'Forskningsværelset', 6, 'Room', ',1,3,4,7,', 99, 'd63ab290-2fab-42d2-9b57-2475dfbd0b3c', TO_DATE('2016-01-01 00:00:00', 'YYYY-MM-DD HH24:MI:SS'));
INSERT INTO MUSARK_STORAGE.STORAGE_NODE (STORAGE_NODE_UUID, STORAGE_NODE_NAME, IS_PART_OF, STORAGE_TYPE, NODE_PATH, MUSEUM_ID, UPDATED_BY, UPDATED_DATE, OLD_BARCODE) VALUES ('a02783b3-6ea6-41df-9085-8c8bba1b6d57', 'TestRoom 1', 4, 'Room', ',1,3,4,8,', 99, 'd63ab290-2fab-42d2-9b57-2475dfbd0b3c', TO_DATE('2016-01-01 00:00:00', 'YYYY-MM-DD HH24:MI:SS'), 11111111);
INSERT INTO MUSARK_STORAGE.STORAGE_NODE (STORAGE_NODE_UUID, STORAGE_NODE_NAME, IS_PART_OF, STORAGE_TYPE, NODE_PATH, MUSEUM_ID, UPDATED_BY, UPDATED_DATE, OLD_BARCODE) VALUES ('1920ea73-aff2-46c9-b046-8d2087c8ac7e', 'TestRoom 2', 4, 'Room', ',1,3,4,9,', 99, 'd63ab290-2fab-42d2-9b57-2475dfbd0b3c', TO_DATE('2016-01-01 00:00:00', 'YYYY-MM-DD HH24:MI:SS'), 11111112);
INSERT INTO MUSARK_STORAGE.STORAGE_NODE (STORAGE_NODE_UUID, STORAGE_NODE_NAME, IS_PART_OF, STORAGE_TYPE, NODE_PATH, MUSEUM_ID, UPDATED_BY, UPDATED_DATE, OLD_BARCODE) VALUES ('84ad2f9a-c43e-4b74-9531-0b9e5b074403', 'TestRoom 3', 4, 'Room', ',1,3,4,10,', 99, 'd63ab290-2fab-42d2-9b57-2475dfbd0b3c', TO_DATE('2016-01-01 00:00:00', 'YYYY-MM-DD HH24:MI:SS'), 11111113);
INSERT INTO MUSARK_STORAGE.STORAGE_NODE (STORAGE_NODE_UUID, STORAGE_NODE_NAME, IS_PART_OF, STORAGE_TYPE, NODE_PATH, MUSEUM_ID, UPDATED_BY, UPDATED_DATE, OLD_BARCODE) VALUES ('e45141cc-2f58-4bef-a576-9ad8f8b27448', 'TestRoom 4', 4, 'Room', ',1,3,4,11,', 99, 'd63ab290-2fab-42d2-9b57-2475dfbd0b3c', TO_DATE('2016-01-01 00:00:00', 'YYYY-MM-DD HH24:MI:SS'), 11111114);
INSERT INTO MUSARK_STORAGE.STORAGE_NODE (STORAGE_NODE_UUID, STORAGE_NODE_NAME, IS_PART_OF, STORAGE_TYPE, NODE_PATH, MUSEUM_ID, UPDATED_BY, UPDATED_DATE, OLD_BARCODE) VALUES ('28df80ab-6350-4290-95e6-470271eed849', 'TestRoom 5', 4, 'Room', ',1,3,4,12,', 99, 'd63ab290-2fab-42d2-9b57-2475dfbd0b3c', TO_DATE('2016-01-01 00:00:00', 'YYYY-MM-DD HH24:MI:SS'), 11111115);
INSERT INTO MUSARK_STORAGE.STORAGE_NODE (STORAGE_NODE_UUID, STORAGE_NODE_NAME, IS_PART_OF, STORAGE_TYPE, NODE_PATH, MUSEUM_ID, UPDATED_BY, UPDATED_DATE, OLD_BARCODE) VALUES ('16692a55-a01b-4f8f-b053-1772f150a8ec', 'TestRoom 6', 4, 'Room', ',1,3,4,13,', 99, 'd63ab290-2fab-42d2-9b57-2475dfbd0b3c', TO_DATE('2016-01-01 00:00:00', 'YYYY-MM-DD HH24:MI:SS'), 11111116);
INSERT INTO MUSARK_STORAGE.STORAGE_NODE (STORAGE_NODE_UUID, STORAGE_NODE_NAME, IS_PART_OF, STORAGE_TYPE, NODE_PATH, MUSEUM_ID, UPDATED_BY, UPDATED_DATE, OLD_BARCODE) VALUES ('770a45b8-33d8-47e9-9db2-631009279910', 'TestRoom 7', 4, 'Room', ',1,3,4,14,', 99, 'd63ab290-2fab-42d2-9b57-2475dfbd0b3c', TO_DATE('2016-01-01 00:00:00', 'YYYY-MM-DD HH24:MI:SS'), 11111117);
INSERT INTO MUSARK_STORAGE.STORAGE_NODE (STORAGE_NODE_UUID, STORAGE_NODE_NAME, IS_PART_OF, STORAGE_TYPE, NODE_PATH, MUSEUM_ID, UPDATED_BY, UPDATED_DATE, OLD_BARCODE) VALUES ('891969b3-2e64-4ed2-9737-b716eaa40198', 'TestRoom 8', 4, 'Room', ',1,3,4,15,', 99, 'd63ab290-2fab-42d2-9b57-2475dfbd0b3c', TO_DATE('2016-01-01 00:00:00', 'YYYY-MM-DD HH24:MI:SS'), 11111118);
INSERT INTO MUSARK_STORAGE.STORAGE_NODE (STORAGE_NODE_UUID, STORAGE_NODE_NAME, IS_PART_OF, STORAGE_TYPE, NODE_PATH, MUSEUM_ID, UPDATED_BY, UPDATED_DATE, OLD_BARCODE) VALUES ('b12bb4bf-778a-449a-bf89-647cca3c3dc3', 'TestRoom 9', 4, 'Room', ',1,3,4,16,', 99, 'd63ab290-2fab-42d2-9b57-2475dfbd0b3c', TO_DATE('2016-01-01 00:00:00', 'YYYY-MM-DD HH24:MI:SS'), 11111119);
INSERT INTO MUSARK_STORAGE.STORAGE_NODE (STORAGE_NODE_UUID, STORAGE_NODE_NAME, IS_PART_OF, STORAGE_TYPE, NODE_PATH, MUSEUM_ID, UPDATED_BY, UPDATED_DATE, OLD_BARCODE) VALUES ('af08788a-a85a-455f-b762-aa2c328ff90f', 'TestRoom 10', 4, 'Room', ',1,3,4,17,', 99, 'd63ab290-2fab-42d2-9b57-2475dfbd0b3c', TO_DATE('2016-01-01 00:00:00', 'YYYY-MM-DD HH24:MI:SS'), 11111110);
INSERT INTO MUSARK_STORAGE.STORAGE_NODE (STORAGE_NODE_UUID, STORAGE_NODE_NAME, IS_PART_OF, STORAGE_TYPE, NODE_PATH, MUSEUM_ID, UPDATED_BY, UPDATED_DATE) VALUES ('45b37f3f-a007-4372-97c2-2e58b237fb8e', 'British museum', 2, 'Organisation', ',2,18', 99, 'd63ab290-2fab-42d2-9b57-2475dfbd0b3c', TO_DATE('2016-01-01 00:00:00', 'YYYY-MM-DD HH24:MI:SS'));
INSERT INTO MUSARK_STORAGE.STORAGE_NODE (STORAGE_NODE_UUID, STORAGE_NODE_NAME, IS_PART_OF, STORAGE_TYPE, NODE_PATH, MUSEUM_ID, UPDATED_BY, UPDATED_DATE) VALUES ('82a48fa0-83b0-463e-960b-af668d64def2', 'The Louvre', 2, 'Organisation', ',2,19', 99, 'd63ab290-2fab-42d2-9b57-2475dfbd0b3c', TO_DATE('2016-01-01 00:00:00', 'YYYY-MM-DD HH24:MI:SS'));
INSERT INTO MUSARK_STORAGE.STORAGE_NODE (STORAGE_NODE_UUID, STORAGE_NODE_NAME, IS_PART_OF, STORAGE_TYPE, NODE_PATH, MUSEUM_ID, UPDATED_BY, UPDATED_DATE) VALUES ('02accb0d-71f6-498e-9207-c3309f39ee8d', 'Death Star gallery', 2, 'Organisation', ',2,20', 99, 'd63ab290-2fab-42d2-9b57-2475dfbd0b3c', TO_DATE('2016-01-01 00:00:00', 'YYYY-MM-DD HH24:MI:SS'));
INSERT INTO MUSARK_STORAGE.STORAGE_NODE (STORAGE_NODE_UUID, STORAGE_NODE_NAME, IS_PART_OF, STORAGE_TYPE, NODE_PATH, MUSEUM_ID, UPDATED_BY, UPDATED_DATE) VALUES ('4e93e2c8-0cbd-49f2-ab1f-427d5ccddec2', 'Utenfor 2', NULL, 'RootLoan', ',21,', 99, '896125d3-0563-46b6-a7c5-51f3f899ff0a', TO_DATE('2016-01-01 00:00:00', 'YYYY-MM-DD HH24:MI:SS'));
INSERT INTO MUSARK_STORAGE.STORAGE_NODE (STORAGE_NODE_UUID, STORAGE_NODE_NAME, IS_PART_OF, STORAGE_TYPE, NODE_PATH, MUSEUM_ID, UPDATED_BY, UPDATED_DATE) VALUES ('5fef94bc-aa79-4151-b4a2-658e89a949a4', 'FooBar of History', 21, 'Organisation', ',21,22,', 99, 'd63ab290-2fab-42d2-9b57-2475dfbd0b3c', TO_DATE('2016-01-01 00:00:00', 'YYYY-MM-DD HH24:MI:SS'));

-- Specific node details
INSERT INTO MUSARK_STORAGE.ORGANISATION (STORAGE_NODE_ID, POSTAL_ADDRESS) VALUES (3, 'Foo Bar Street 1');
INSERT INTO MUSARK_STORAGE.BUILDING VALUES (4, NULL);
INSERT INTO MUSARK_STORAGE.ROOM VALUES (5, NULL, NULL, NULL, NULL, NULL, NULL, NULL, NULL, NULL);
INSERT INTO MUSARK_STORAGE.ROOM VALUES (6, NULL, NULL, NULL, NULL, NULL, NULL, NULL, NULL, NULL);
INSERT INTO MUSARK_STORAGE.ROOM VALUES (7, NULL, NULL, NULL, NULL, NULL, NULL, NULL, NULL, NULL);
INSERT INTO MUSARK_STORAGE.ROOM VALUES (8, NULL, NULL, NULL, NULL, NULL, NULL, NULL, NULL, NULL);
INSERT INTO MUSARK_STORAGE.ROOM VALUES (9, NULL, NULL, NULL, NULL, NULL, NULL, NULL, NULL, NULL);
INSERT INTO MUSARK_STORAGE.ROOM VALUES (10, NULL, NULL, NULL, NULL, NULL, NULL, NULL, NULL, NULL);
INSERT INTO MUSARK_STORAGE.ROOM VALUES (11, NULL, NULL, NULL, NULL, NULL, NULL, NULL, NULL, NULL);
INSERT INTO MUSARK_STORAGE.ROOM VALUES (12, NULL, NULL, NULL, NULL, NULL, NULL, NULL, NULL, NULL);
INSERT INTO MUSARK_STORAGE.ROOM VALUES (13, NULL, NULL, NULL, NULL, NULL, NULL, NULL, NULL, NULL);
INSERT INTO MUSARK_STORAGE.ROOM VALUES (14, NULL, NULL, NULL, NULL, NULL, NULL, NULL, NULL, NULL);
INSERT INTO MUSARK_STORAGE.ROOM VALUES (15, NULL, NULL, NULL, NULL, NULL, NULL, NULL, NULL, NULL);
INSERT INTO MUSARK_STORAGE.ROOM VALUES (16, NULL, NULL, NULL, NULL, NULL, NULL, NULL, NULL, NULL);
INSERT INTO MUSARK_STORAGE.ROOM VALUES (17, NULL, NULL, NULL, NULL, NULL, NULL, NULL, NULL, NULL);

-- Inserting objects
INSERT INTO MUSIT_MAPPING.MUSITTHING (musitthing_uuid, museumNo, subNo, term, museumId, museumNoAsNumber, old_schemaname, lokal_pk, new_collection_id, updated_date, old_barcode) VALUES ('37715843-36ab-4f1a-bcfb-dd68a05d0f2c', 'C666', '34', 'Øks', 99, 666, 'USD_ARK_GJENSTAND_O', 100, 1, current_timestamp, 1111111111);
INSERT INTO MUSIT_MAPPING.MUSITTHING (musitthing_uuid, museumNo, subNo, term, museumId, museumNoAsNumber, old_schemaname, lokal_pk, new_collection_id, updated_date, old_barcode, ark_form, ark_funn_nr) VALUES ('8ae52969-63b8-42be-bfd0-d8ebef2169eb', 'C666', '31', 'Sverd', 99, 666, 'USD_ARK_GJENSTAND_O', 101, 1, current_timestamp, 222222222, 'litt oval', '2017-22');
INSERT INTO MUSIT_MAPPING.MUSITTHING (musitthing_uuid, museumNo, subNo, term, museumId, museumNoAsNumber, old_schemaname, lokal_pk, new_collection_id, updated_date, old_barcode, ark_form, ark_funn_nr) VALUES ('d43e3c5a-8244-4497-bd15-29c844ff8745', 'C666', '38', 'Sommerfugl', 99, 666, 'USD_ARK_GJENSTAND_O', 102, 1, current_timestamp, 222222222, 'flat', '2017-30');
INSERT INTO MUSIT_MAPPING.MUSITTHING (musitthing_uuid, museumNo, subNo, term, museumId, museumNoAsNumber, old_schemaname, lokal_pk, new_collection_id, updated_date) VALUES ('a949277c-8233-4425-b3e8-8d6599e97531', 'C1', '1a', 'Øks', 99, 1, 'USD_ARK_GJENSTAND_O', 103, 1, current_timestamp);
INSERT INTO MUSIT_MAPPING.MUSITTHING (musitthing_uuid, museumNo, subNo, term, museumId, museumNoAsNumber, old_schemaname, lokal_pk, new_collection_id, updated_date) VALUES ('35522dc6-d246-4c7b-a23d-501bb34034f7', 'C1', '2a', 'Skummel øks', 99, 1, 'USD_ARK_GJENSTAND_O', 104, 1, current_timestamp);
INSERT INTO MUSIT_MAPPING.MUSITTHING (musitthing_uuid, museumNo, subNo, term, museumId, museumNoAsNumber, old_schemaname, lokal_pk, new_collection_id, updated_date) VALUES ('4d2e516d-db5f-478e-b409-eac7ff2486e8', 'C1', '3', 'Fin øks', 99, 1, 'USD_ARK_GJENSTAND_O', 105, 1, current_timestamp);
INSERT INTO MUSIT_MAPPING.MUSITTHING (musitthing_uuid, museumNo, subNo, term, museumId, museumNoAsNumber, old_schemaname, lokal_pk, new_collection_id, updated_date) VALUES ('89f36f77-2c27-4d33-81b4-4d4f9688950d', 'C1', '4', 'Fin øks', 99, 1, 'USD_ARK_GJENSTAND_O', 106, 1, current_timestamp);
INSERT INTO MUSIT_MAPPING.MUSITTHING (musitthing_uuid, museumNo, subNo, term, museumId, museumNoAsNumber, old_schemaname, lokal_pk, new_collection_id, updated_date) VALUES ('5a928d42-05a6-44db-adef-c6dfe588f016', 'C1', '5', 'Fin øks', 99, 1, 'USD_ARK_GJENSTAND_O', 107, 1, current_timestamp);
INSERT INTO MUSIT_MAPPING.MUSITTHING (musitthing_uuid, museumNo, subNo, term, museumId, museumNoAsNumber, old_schemaname, lokal_pk, new_collection_id, updated_date) VALUES ('e11e89f5-b073-4874-9ced-c22152d5cb26', 'C1', '6', 'Fin øks', 99, 1, 'USD_ARK_GJENSTAND_O', 108, 1, current_timestamp);
INSERT INTO MUSIT_MAPPING.MUSITTHING (musitthing_uuid, museumNo, subNo, term, museumId, museumNoAsNumber, old_schemaname, lokal_pk, new_collection_id, updated_date) VALUES ('7c951050-63a2-4afc-bab0-fa6d023f4dbd', 'C1', '7', 'Fin øks', 99, 1, 'USD_ARK_GJENSTAND_O', 109, 1, current_timestamp);
INSERT INTO MUSIT_MAPPING.MUSITTHING (musitthing_uuid, museumNo, subNo, term, museumId, museumNoAsNumber, old_schemaname, lokal_pk, new_collection_id, updated_date) VALUES ('2e5037d5-4952-4571-9de2-709eb22b01f0', 'C1', '8', 'Fin øks', 99, 1, 'USD_ARK_GJENSTAND_O', 110, 1, current_timestamp);
INSERT INTO MUSIT_MAPPING.MUSITTHING (musitthing_uuid, museumNo, subNo, term, museumId, museumNoAsNumber, old_schemaname, lokal_pk, new_collection_id, updated_date) VALUES ('aa309693-8d2e-41ae-a958-ada7dc4c914b', 'C1', '9', 'Fin øks', 99, 1, 'USD_ARK_GJENSTAND_O', 111, 1, current_timestamp);
INSERT INTO MUSIT_MAPPING.MUSITTHING (musitthing_uuid, museumNo, subNo, term, museumId, museumNoAsNumber, old_schemaname, lokal_pk, new_collection_id, updated_date) VALUES ('08fd9b75-560e-4ad1-a62a-7eb945819c75', 'C1', '10a', 'Fin øks', 99, 1, 'USD_ARK_GJENSTAND_O', 112, 1, current_timestamp);
INSERT INTO MUSIT_MAPPING.MUSITTHING (musitthing_uuid, museumNo, subNo, term, museumId, museumNoAsNumber, old_schemaname, lokal_pk, new_collection_id, updated_date) VALUES ('baec467b-2fd2-48d3-9fe1-6f0ea30a3497', 'C1', '11', 'Fin øks', 99, 1, 'USD_ARK_GJENSTAND_O', 113, 1, current_timestamp);
INSERT INTO MUSIT_MAPPING.MUSITTHING (musitthing_uuid, museumNo, subNo, term, museumId, museumNoAsNumber, old_schemaname, lokal_pk, new_collection_id, updated_date) VALUES ('86191223-2ff0-4776-b898-b79f1adb91af', 'C1', '12', 'Fin øks', 99, 1, 'USD_ARK_GJENSTAND_O', 114, 1, current_timestamp);
INSERT INTO MUSIT_MAPPING.MUSITTHING (musitthing_uuid, museumNo, subNo, term, museumId, museumNoAsNumber, old_schemaname, lokal_pk, new_collection_id, updated_date) VALUES ('7de44f6e-51f5-4c90-871b-cef8de0ce93d', 'C1', '13', 'Fin øks', 99, 1, 'USD_ARK_GJENSTAND_O', 115, 1, current_timestamp);
INSERT INTO MUSIT_MAPPING.MUSITTHING (musitthing_uuid, museumNo, subNo, term, museumId, museumNoAsNumber, old_schemaname, lokal_pk, new_collection_id, updated_date) VALUES ('9dfa0946-3b71-4382-888f-3f924ff48a77', 'C1', '14', 'Fin øks', 99, 1, 'USD_ARK_GJENSTAND_O', 116, 1, current_timestamp);
INSERT INTO MUSIT_MAPPING.MUSITTHING (musitthing_uuid, museumNo, subNo, term, museumId, museumNoAsNumber, old_schemaname, lokal_pk, new_collection_id, updated_date) VALUES ('2bd5eec5-c9ee-460c-ba54-ab23a4eea6fc', 'C1', '15', 'Fin øks', 99, 1, 'USD_ARK_GJENSTAND_O', 117, 1, current_timestamp);
INSERT INTO MUSIT_MAPPING.MUSITTHING (musitthing_uuid, museumNo, subNo, term, museumId, museumNoAsNumber, old_schemaname, lokal_pk, new_collection_id, updated_date) VALUES ('ac03f45e-57cf-484a-8947-af87dae8b1ae', 'C1', '16', 'Fin øks', 99, 1, 'USD_ARK_GJENSTAND_O', 118, 1, current_timestamp);
INSERT INTO MUSIT_MAPPING.MUSITTHING (musitthing_uuid, museumNo, subNo, term, museumId, museumNoAsNumber, old_schemaname, lokal_pk, new_collection_id, updated_date) VALUES ('3a71f423-52b2-4437-a62b-6e37ad406bcd', 'C1', '17', 'Fin øks', 99, 1, 'USD_ARK_GJENSTAND_O', 119, 1, current_timestamp);
INSERT INTO MUSIT_MAPPING.MUSITTHING (musitthing_uuid, museumNo, subNo, term, museumId, museumNoAsNumber, old_schemaname, lokal_pk, new_collection_id, updated_date, is_deleted) VALUES ('317b1ce9-82c7-4412-ae99-df7fda342077', 'C1', '18', 'Fin øks', 99, 1, 'USD_ARK_GJENSTAND_O', 120, 1, current_timestamp, 1);
INSERT INTO MUSIT_MAPPING.MUSITTHING (musitthing_uuid, museumNo, subNo, term, museumId, museumNoAsNumber, old_schemaname, lokal_pk, new_collection_id, updated_date, is_deleted) VALUES ('800c5235-3ad0-4245-8450-c3216c661bb1', 'C1', '19', 'Fin øks', 99, 1, 'USD_ARK_GJENSTAND_O', 121, 1, current_timestamp, 1);
INSERT INTO MUSIT_MAPPING.MUSITTHING (musitthing_uuid, museumNo, subNo, term, museumId, museumNoAsNumber, old_schemaname, lokal_pk, new_collection_id, updated_date) VALUES ('baab2f60-4f49-40fe-99c8-174b13b12d46', 'C1', '20b', 'Fin øks', 99, 1, 'USD_ARK_GJENSTAND_O', 122, 1, current_timestamp);
INSERT INTO MUSIT_MAPPING.MUSITTHING (musitthing_uuid, museumNo, subNo, term, museumId, museumNoAsNumber, old_schemaname, lokal_pk, new_collection_id, updated_date) VALUES ('376d41e7-c463-45e8-9bde-7a2c9844637e', 'C1', '22', 'Fin øks', 99, 1, 'USD_ARK_GJENSTAND_O', 123, 1, current_timestamp);
INSERT INTO MUSIT_MAPPING.MUSITTHING (musitthing_uuid, museumNo, subNo, term, museumId, museumNoAsNumber, old_schemaname, lokal_pk, new_collection_id, updated_date) VALUES ('2350578d-0bb0-4601-92d4-817478ad0952', 'C1', '21', 'Fin øks', 99, 1, 'USD_ARK_GJENSTAND_O', 124, 1, current_timestamp);
INSERT INTO MUSIT_MAPPING.MUSITTHING (musitthing_uuid, museumNo, subNo, term, museumId, museumNoAsNumber, old_schemaname, lokal_pk, new_collection_id, updated_date) VALUES ('c182206b-530c-4a40-b9aa-fba044ecb953', 'C2', '', 'Sverd', 99, 1, 'USD_ARK_GJENSTAND_O', 125, 1, current_timestamp);
INSERT INTO MUSIT_MAPPING.MUSITTHING (musitthing_uuid, museumNo, subNo, term, museumId, museumNoAsNumber, old_schemaname, lokal_pk, new_collection_id, updated_date) VALUES ('bf53f481-1db3-4474-98ee-c94df31ec251', 'C777', '35', 'Øks', 99, 777, 'USD_ARK_GJENSTAND_O', 126, 1, current_timestamp);
INSERT INTO MUSIT_MAPPING.MUSITTHING (musitthing_uuid, museumNo, subNo, term, museumId, museumNoAsNumber, old_schemaname, lokal_pk, new_collection_id, updated_date) VALUES ('373bb138-ed93-472b-ad57-ccb77ab8c151', 'C.777', '34B', 'Øks', 99, 777, 'USD_ARK_GJENSTAND_O', 127, 1, current_timestamp);
INSERT INTO MUSIT_MAPPING.MUSITTHING (musitthing_uuid, museumNo, subNo, term, museumId, museumNoAsNumber, old_schemaname, lokal_pk, new_collection_id, updated_date) VALUES ('62272640-e29e-4af4-a537-3c49b5f1cf42', 'C.777', '34', 'Øks', 99, 777, 'USD_ARK_GJENSTAND_O', 128, 1, current_timestamp);
INSERT INTO MUSIT_MAPPING.MUSITTHING (musitthing_uuid, museumNo, subNo, term, museumId, museumNoAsNumber, old_schemaname, lokal_pk, new_collection_id, updated_date) VALUES ('f4a189c3-4d8f-4258-9000-b23282814278', 'C.777', '34A', 'Øks', 99, 777, 'USD_ARK_GJENSTAND_O', 129, 1, current_timestamp);
INSERT INTO MUSIT_MAPPING.MUSITTHING (musitthing_uuid, museumNo, subNo, term, museumId, museumNoAsNumber, old_schemaname, lokal_pk, new_collection_id, updated_date) VALUES ('67965e71-27ee-4ef0-ad66-e7e321882f33', 'C555', '34B', 'Øks', 99, 555, 'USD_ARK_GJENSTAND_O', 130, 1, current_timestamp);
INSERT INTO MUSIT_MAPPING.MUSITTHING (musitthing_uuid, museumNo, subNo, term, museumId, museumNoAsNumber, old_schemaname, lokal_pk, new_collection_id, updated_date) VALUES ('6f9db6a5-f994-4498-8ebc-c9ba75c51ce8', 'C555', '34A', 'Øks', 99, 555, 'USD_ARK_GJENSTAND_O', 131, 1, current_timestamp);
INSERT INTO MUSIT_MAPPING.MUSITTHING (musitthing_uuid, museumNo, subNo, term, museumId, museumNoAsNumber, old_schemaname, lokal_pk, new_collection_id, updated_date) VALUES ('b17b8735-2350-4de9-b812-93753b1eeb8d', 'C555', '34C', 'Øks', 99, 555, 'USD_ARK_GJENSTAND_O', 132, 1, current_timestamp);
INSERT INTO MUSIT_MAPPING.MUSITTHING (musitthing_uuid, museumNo, subNo, term, museumId, museumNoAsNumber, old_schemaname, lokal_pk, new_collection_id, updated_date) VALUES ('215542d3-48c9-44af-a6ea-4c494da54fe0', 'C555A', 'B', 'Øks', 99, 555, 'USD_ARK_GJENSTAND_O', 133, 1, current_timestamp);
INSERT INTO MUSIT_MAPPING.MUSITTHING (musitthing_uuid, museumNo, subNo, term, museumId, museumNoAsNumber, old_schemaname, lokal_pk, new_collection_id, updated_date) VALUES ('065b9812-0f22-4ba4-bac2-7d7cbc850dcc', 'C555B', 'A', 'Øks', 99, 555, 'USD_ARK_GJENSTAND_O', 134, 1, current_timestamp);
INSERT INTO MUSIT_MAPPING.MUSITTHING (musitthing_uuid, museumNo, subNo, term, museumId, museumNoAsNumber, old_schemaname, lokal_pk, new_collection_id, updated_date) VALUES ('6ca2bf73-fa17-4d41-a8da-ab9f46a7494b', 'C555C', 'C', 'Øks', 99, 555, 'USD_ARK_GJENSTAND_O', 135, 1, current_timestamp);
INSERT INTO MUSIT_MAPPING.MUSITTHING (musitthing_uuid, museumNo, subNo, term, museumId, museumNoAsNumber, old_schemaname, lokal_pk, new_collection_id, updated_date) VALUES ('21dadc0d-50ca-41ea-9b48-90fdec515148', 'C888_B', 'B', 'Øks', 99, 888, 'USD_ARK_GJENSTAND_O', 136, 1, current_timestamp);
INSERT INTO MUSIT_MAPPING.MUSITTHING (musitthing_uuid, museumNo, subNo, term, museumId, museumNoAsNumber, old_schemaname, lokal_pk, new_collection_id, updated_date) VALUES ('7b2e3bd6-b699-4671-bd50-1d964342f531', 'C888_A', 'A', 'Øks', 99, 888, 'USD_ARK_GJENSTAND_O', 137, 1, current_timestamp);
INSERT INTO MUSIT_MAPPING.MUSITTHING (musitthing_uuid, museumNo, subNo, term, museumId, museumNoAsNumber, old_schemaname, lokal_pk, new_collection_id, updated_date) VALUES ('40898454-069e-41c9-9551-946a1e693f59', 'C888xC', 'C', 'Øks', 99, 888, 'USD_ARK_GJENSTAND_O', 138, 1, current_timestamp);
INSERT INTO MUSIT_MAPPING.MUSITTHING (musitthing_uuid, museumNo, subNo, term, museumId, museumNoAsNumber, old_schemaname, lokal_pk, new_collection_id, updated_date) VALUES ('f56bd93f-49b6-4111-b6c8-bd84a14ea98e', 'C81%A', 'A', 'Bøtte', 99, 81, 'USD_ARK_GJENSTAND_O', 139, 1, current_timestamp);
INSERT INTO MUSIT_MAPPING.MUSITTHING (musitthing_uuid, museumNo, subNo, term, museumId, museumNoAsNumber, old_schemaname, lokal_pk, new_collection_id, updated_date) VALUES ('b71d3bd7-28e3-4790-b4f6-98664e2385ba', 'C81%XA', 'B', 'Bøtte', 99, 81, 'USD_ARK_GJENSTAND_O', 140, 1, current_timestamp);
INSERT INTO MUSIT_MAPPING.MUSITTHING (musitthing_uuid, museumNo, subNo, term, museumId, museumNoAsNumber, old_schemaname, lokal_pk, new_collection_id, updated_date) VALUES ('6ee89241-a404-4086-b373-c42dd0a2e56a', 'C81-A', 'A', 'Bøtte', 99, 81, 'USD_ARK_GJENSTAND_O', 141, 1, current_timestamp);
INSERT INTO MUSIT_MAPPING.MUSITTHING (musitthing_uuid, museumNo, subNo, term, museumId, museumNoAsNumber, old_schemaname, lokal_pk, new_collection_id, updated_date) VALUES ('5f7f0b2b-f2eb-480d-816e-00b140705f2b', 'C81-XA', 'B', 'Bøtte', 99, 81, 'USD_ARK_GJENSTAND_O', 142, 1, current_timestamp);
INSERT INTO MUSIT_MAPPING.MUSITTHING (musitthing_uuid, museumNo, subNo, term, museumId, museumNoAsNumber, old_schemaname, lokal_pk, new_collection_id, updated_date) VALUES ('bbf9a3de-9203-4e90-9b04-4475e4f7f749', 'C81¤A', 'A', 'Bøtte', 99, 81, 'USD_ARK_GJENSTAND_O', 143, 1, current_timestamp);
INSERT INTO MUSIT_MAPPING.MUSITTHING (musitthing_uuid, museumNo, subNo, term, museumId, museumNoAsNumber, old_schemaname, lokal_pk, new_collection_id, updated_date) VALUES ('29339044-8696-4c76-9b3e-f153ae63d262', 'C81¤XA', 'B', 'Bøtte', 99, 81, 'USD_ARK_GJENSTAND_O', 144, 1, current_timestamp);
INSERT INTO MUSIT_MAPPING.MUSITTHING (musitthing_uuid, museumNo, subNo, term, museumId, museumNoAsNumber, old_schemaname, lokal_pk, new_collection_id, updated_date) VALUES ('7ae2521e-904c-432b-998c-bb09810310a9', 'F555', '55A', 'Gammel mynt', 99, 555, 'USD_NUMISMATIKK', 145, 3, current_timestamp);
INSERT INTO MUSIT_MAPPING.MUSITTHING (musitthing_uuid, museumNo, subNo, term, museumId, museumNoAsNumber, old_schemaname, lokal_pk, new_collection_id, updated_date) VALUES ('42b6a92e-de59-4fde-9c46-5c8794be0b34', 'L234', '', 'Reinlav', 99, 234, 'MUSIT_BOTANIKK_LAV', 146, 4, current_timestamp);
INSERT INTO MUSIT_MAPPING.MUSITTHING (musitthing_uuid, museumNo, subNo, term, museumId, museumNoAsNumber, old_schemaname, lokal_pk, new_collection_id, updated_date, mainobject_id) VALUES ('331d8174-dfdb-47ae-8dc0-5aa7be59fe09', 'K123', '', 'Drakt', 99, 123, 'USD_ARK_GJENSTAND_O', 147, 1, current_timestamp, 12);
INSERT INTO MUSIT_MAPPING.MUSITTHING (musitthing_uuid, museumNo, subNo, term, museumId, museumNoAsNumber, old_schemaname, lokal_pk, new_collection_id, updated_date, mainobject_id) VALUES ('6e7b9387-5f89-4388-8bbb-7eb727e58f09', 'K123', '', 'Skjorte', 99, 123, 'USD_ARK_GJENSTAND_O', 148, 1, current_timestamp, 12);
INSERT INTO MUSIT_MAPPING.MUSITTHING (musitthing_uuid, museumNo, subNo, term, museumId, museumNoAsNumber, old_schemaname, lokal_pk, new_collection_id, updated_date, mainobject_id) VALUES ('2ce90a19-e190-4738-a344-42741f471cdc', 'K123', '', 'Kjole', 99, 123, 'USD_ARK_GJENSTAND_O', 149, 1, current_timestamp, 12);
INSERT INTO MUSIT_MAPPING.MUSITTHING (musitthing_uuid, museumNo, subNo, term, museumId, museumNoAsNumber, old_schemaname, lokal_pk, new_collection_id, updated_date) VALUES ('dcd37cb7-34ae-484e-a2c0-a1b1925e9b68', 'L234', '', 'Kartlav', 99, 234, 'MUSIT_BOTANIKK_LAV', 150, 4, current_timestamp);
INSERT INTO MUSIT_MAPPING.MUSITTHING (musitthing_uuid, museumNo, subNo, term, museumId, museumNoAsNumber, old_schemaname, lokal_pk, new_collection_id, updated_date) VALUES ('3fd8d3f9-ebb1-4447-8959-8e91ca2693fb', 'L234', '', 'Fokklav', 99, 234, 'MUSIT_BOTANIKK_LAV', 151, 4, current_timestamp);
INSERT INTO MUSIT_MAPPING.MUSITTHING (musitthing_uuid, museumNo, subNo, term, museumId, museumNoAsNumber, old_schemaname, lokal_pk, new_collection_id, updated_date) VALUES ('564fade0-4a41-47cc-8c26-3b8f048aa191', 'L234', '', 'Grønnever', 99, 234, 'MUSIT_BOTANIKK_LAV', 152, 4, current_timestamp);
INSERT INTO MUSIT_MAPPING.MUSITTHING (musitthing_uuid, museumNo, subNo, term, museumId, museumNoAsNumber, old_schemaname, lokal_pk, new_collection_id, updated_date) VALUES ('a738e36d-8683-44ac-9dda-67ff5a5851d5', 'L234', '', 'Islandslav', 99, 234, 'MUSIT_BOTANIKK_LAV', 153, 4, current_timestamp);
INSERT INTO MUSIT_MAPPING.MUSITTHING (musitthing_uuid, museumNo, subNo, term, museumId, museumNoAsNumber, old_schemaname, lokal_pk, new_collection_id, updated_date) VALUES ('addcbabc-7499-4368-807a-b44c1af5c949', 'E235', '', 'drakt', 99, 235, 'USD_ETNO_GJENSTAND_O', 154, 2, current_timestamp);
INSERT INTO MUSIT_MAPPING.MUSITTHING (musitthing_uuid, museumNo, subNo, term, museumId, museumNoAsNumber, old_schemaname, lokal_pk, new_collection_id, updated_date) VALUES ('85ed8525-e1b6-4929-8ecb-11384bc57ae9', 'E236', '', 'maske', 99, 236, 'USD_ETNO_GJENSTAND_B', 155, 2, current_timestamp);
--testdata of new column of numismatics in musitthing
INSERT INTO MUSIT_MAPPING.MUSITTHING (musitthing_uuid, museumNo, subNo, term, museumId, museumNoAsNumber, old_schemaname, lokal_pk, new_collection_id, num_denotation, num_valor, num_date, num_weight, updated_date) VALUES ('85ed8525-e1b6-4929-8ecb-11384bc57a71', 'E1000', '1', 'mynt', 99, 1000, 'USD_NUMISMATIKK', 156, 3, 'ny testbetegnelse', 'ny_testvalor', 'ny_testnumisdate', 'nyNumisvekt', current_timestamp);
INSERT INTO MUSIT_MAPPING.MUSITTHING (musitthing_uuid, museumNo, subNo, term, museumId, museumNoAsNumber, old_schemaname, lokal_pk, new_collection_id, num_denotation, num_valor, num_date, num_weight, updated_date) VALUES ('85ed8525-e1b6-4929-8ecb-11384bc57a66', 'E1000', '2', 'medalje', 99, 1000, 'USD_NUMISMATIKK', 157, 3, 'ny testNumisbetegnelse', 'ny_numistestvalor', 'ny_numistestdate', 'nytestNumisvekt', current_timestamp);
INSERT INTO MUSIT_MAPPING.MUSITTHING (musitthing_uuid, museumNo, subNo, term, museumId, museumNoAsNumber, old_schemaname, lokal_pk, new_collection_id, updated_date) VALUES ('6d094cea-462d-4d29-92ea-31f4cd0d2ff4', 'E1000', '3', 'mynt', 99, 1000, 'USD_NUMISMATIKK', 158, 3, current_timestamp);

-- Inserting a test sample
INSERT INTO MUSARK_ANALYSIS.SAMPLE_OBJECT (sample_uuid, museum_id, sample_type_id, originated_object_uuid, registered_by, registered_date) VALUES ('28cf7c75-66b2-4991-b871-d92baeec0049', 99, 1, '85ed8525-e1b6-4929-8ecb-11384bc57ae9', 'bf53f481-1db3-4474-98ee-c94df31ec251', TO_DATE('2016-01-01 00:00:00', 'YYYY-MM-DD HH24:MI:SS'));


INSERT INTO MUSARK_STORAGE.NEW_LOCAL_OBJECT (object_uuid, latest_move_id, current_location_id, museum_id) VALUES ('37715843-36ab-4f1a-bcfb-dd68a05d0f2c', 23, '3562e09e-6cf4-4b27-acad-e655e771c016', 99);
INSERT INTO MUSARK_STORAGE.NEW_LOCAL_OBJECT (object_uuid, latest_move_id, current_location_id, museum_id) VALUES ('8ae52969-63b8-42be-bfd0-d8ebef2169eb', 23, '3562e09e-6cf4-4b27-acad-e655e771c016', 99);
INSERT INTO MUSARK_STORAGE.NEW_LOCAL_OBJECT (object_uuid, latest_move_id, current_location_id, museum_id) VALUES ('d43e3c5a-8244-4497-bd15-29c844ff8745', 23, '3562e09e-6cf4-4b27-acad-e655e771c016', 99);
INSERT INTO MUSARK_STORAGE.NEW_LOCAL_OBJECT (object_uuid, latest_move_id, current_location_id, museum_id) VALUES ('a949277c-8233-4425-b3e8-8d6599e97531', 23, '01134afe-b262-434b-a71f-8f697bc75e56', 99);
INSERT INTO MUSARK_STORAGE.NEW_LOCAL_OBJECT (object_uuid, latest_move_id, current_location_id, museum_id) VALUES ('35522dc6-d246-4c7b-a23d-501bb34034f7', 23, '01134afe-b262-434b-a71f-8f697bc75e56', 99);
INSERT INTO MUSARK_STORAGE.NEW_LOCAL_OBJECT (object_uuid, latest_move_id, current_location_id, museum_id) VALUES ('4d2e516d-db5f-478e-b409-eac7ff2486e8', 23, '01134afe-b262-434b-a71f-8f697bc75e56', 99);
INSERT INTO MUSARK_STORAGE.NEW_LOCAL_OBJECT (object_uuid, latest_move_id, current_location_id, museum_id) VALUES ('89f36f77-2c27-4d33-81b4-4d4f9688950d', 23, '01134afe-b262-434b-a71f-8f697bc75e56', 99);
INSERT INTO MUSARK_STORAGE.NEW_LOCAL_OBJECT (object_uuid, latest_move_id, current_location_id, museum_id) VALUES ('5a928d42-05a6-44db-adef-c6dfe588f016', 23, '01134afe-b262-434b-a71f-8f697bc75e56', 99);
INSERT INTO MUSARK_STORAGE.NEW_LOCAL_OBJECT (object_uuid, latest_move_id, current_location_id, museum_id) VALUES ('e11e89f5-b073-4874-9ced-c22152d5cb26', 23, '01134afe-b262-434b-a71f-8f697bc75e56', 99);
INSERT INTO MUSARK_STORAGE.NEW_LOCAL_OBJECT (object_uuid, latest_move_id, current_location_id, museum_id) VALUES ('7c951050-63a2-4afc-bab0-fa6d023f4dbd', 23, '01134afe-b262-434b-a71f-8f697bc75e56', 99);
INSERT INTO MUSARK_STORAGE.NEW_LOCAL_OBJECT (object_uuid, latest_move_id, current_location_id, museum_id) VALUES ('2e5037d5-4952-4571-9de2-709eb22b01f0', 23, '01134afe-b262-434b-a71f-8f697bc75e56', 99);
INSERT INTO MUSARK_STORAGE.NEW_LOCAL_OBJECT (object_uuid, latest_move_id, current_location_id, museum_id) VALUES ('aa309693-8d2e-41ae-a958-ada7dc4c914b', 23, '244f09a3-eb1a-49e7-80ee-7a07baa016dd', 99);
INSERT INTO MUSARK_STORAGE.NEW_LOCAL_OBJECT (object_uuid, latest_move_id, current_location_id, museum_id) VALUES ('08fd9b75-560e-4ad1-a62a-7eb945819c75', 23, '244f09a3-eb1a-49e7-80ee-7a07baa016dd', 99);
INSERT INTO MUSARK_STORAGE.NEW_LOCAL_OBJECT (object_uuid, latest_move_id, current_location_id, museum_id) VALUES ('baec467b-2fd2-48d3-9fe1-6f0ea30a3497', 23, '244f09a3-eb1a-49e7-80ee-7a07baa016dd', 99);
INSERT INTO MUSARK_STORAGE.NEW_LOCAL_OBJECT (object_uuid, latest_move_id, current_location_id, museum_id) VALUES ('86191223-2ff0-4776-b898-b79f1adb91af', 23, '244f09a3-eb1a-49e7-80ee-7a07baa016dd', 99);
INSERT INTO MUSARK_STORAGE.NEW_LOCAL_OBJECT (object_uuid, latest_move_id, current_location_id, museum_id) VALUES ('7de44f6e-51f5-4c90-871b-cef8de0ce93d', 23, '244f09a3-eb1a-49e7-80ee-7a07baa016dd', 99);
INSERT INTO MUSARK_STORAGE.NEW_LOCAL_OBJECT (object_uuid, latest_move_id, current_location_id, museum_id) VALUES ('9dfa0946-3b71-4382-888f-3f924ff48a77', 23, '244f09a3-eb1a-49e7-80ee-7a07baa016dd', 99);
INSERT INTO MUSARK_STORAGE.NEW_LOCAL_OBJECT (object_uuid, latest_move_id, current_location_id, museum_id) VALUES ('2bd5eec5-c9ee-460c-ba54-ab23a4eea6fc', 23, '244f09a3-eb1a-49e7-80ee-7a07baa016dd', 99);
INSERT INTO MUSARK_STORAGE.NEW_LOCAL_OBJECT (object_uuid, latest_move_id, current_location_id, museum_id) VALUES ('ac03f45e-57cf-484a-8947-af87dae8b1ae', 23, '244f09a3-eb1a-49e7-80ee-7a07baa016dd', 99);
INSERT INTO MUSARK_STORAGE.NEW_LOCAL_OBJECT (object_uuid, latest_move_id, current_location_id, museum_id, object_type) VALUES ('3a71f423-52b2-4437-a62b-6e37ad406bcd', 23, '244f09a3-eb1a-49e7-80ee-7a07baa016dd', 99, 'collection');
INSERT INTO MUSARK_STORAGE.NEW_LOCAL_OBJECT (object_uuid, latest_move_id, current_location_id, museum_id) VALUES ('317b1ce9-82c7-4412-ae99-df7fda342077', 23, '244f09a3-eb1a-49e7-80ee-7a07baa016dd', 99);
INSERT INTO MUSARK_STORAGE.NEW_LOCAL_OBJECT (object_uuid, latest_move_id, current_location_id, museum_id) VALUES ('800c5235-3ad0-4245-8450-c3216c661bb1', 23, '244f09a3-eb1a-49e7-80ee-7a07baa016dd', 99);
INSERT INTO MUSARK_STORAGE.NEW_LOCAL_OBJECT (object_uuid, latest_move_id, current_location_id, museum_id, object_type) VALUES ('baab2f60-4f49-40fe-99c8-174b13b12d46', 23, '244f09a3-eb1a-49e7-80ee-7a07baa016dd', 99, 'sample');
INSERT INTO MUSARK_STORAGE.NEW_LOCAL_OBJECT (object_uuid, latest_move_id, current_location_id, museum_id) VALUES ('376d41e7-c463-45e8-9bde-7a2c9844637e', 23, '244f09a3-eb1a-49e7-80ee-7a07baa016dd', 99);
INSERT INTO MUSARK_STORAGE.NEW_LOCAL_OBJECT (object_uuid, latest_move_id, current_location_id, museum_id) VALUES ('2350578d-0bb0-4601-92d4-817478ad0952', 23, '244f09a3-eb1a-49e7-80ee-7a07baa016dd', 99);
INSERT INTO MUSARK_STORAGE.NEW_LOCAL_OBJECT (object_uuid, latest_move_id, current_location_id, museum_id) VALUES ('c182206b-530c-4a40-b9aa-fba044ecb953', 23, '244f09a3-eb1a-49e7-80ee-7a07baa016dd', 99);
INSERT INTO MUSARK_STORAGE.NEW_LOCAL_OBJECT (object_uuid, latest_move_id, current_location_id, museum_id) VALUES ('bf53f481-1db3-4474-98ee-c94df31ec251', 23, '244f09a3-eb1a-49e7-80ee-7a07baa016dd', 99);
INSERT INTO MUSARK_STORAGE.NEW_LOCAL_OBJECT (object_uuid, latest_move_id, current_location_id, museum_id) VALUES ('373bb138-ed93-472b-ad57-ccb77ab8c151', 23, '244f09a3-eb1a-49e7-80ee-7a07baa016dd', 99);
INSERT INTO MUSARK_STORAGE.NEW_LOCAL_OBJECT (object_uuid, latest_move_id, current_location_id, museum_id) VALUES ('62272640-e29e-4af4-a537-3c49b5f1cf42', 23, '244f09a3-eb1a-49e7-80ee-7a07baa016dd', 99);
INSERT INTO MUSARK_STORAGE.NEW_LOCAL_OBJECT (object_uuid, latest_move_id, current_location_id, museum_id) VALUES ('f4a189c3-4d8f-4258-9000-b23282814278', 23, '244f09a3-eb1a-49e7-80ee-7a07baa016dd', 99);
INSERT INTO MUSARK_STORAGE.NEW_LOCAL_OBJECT (object_uuid, latest_move_id, current_location_id, museum_id) VALUES ('67965e71-27ee-4ef0-ad66-e7e321882f33', 23, '244f09a3-eb1a-49e7-80ee-7a07baa016dd', 99);
INSERT INTO MUSARK_STORAGE.NEW_LOCAL_OBJECT (object_uuid, latest_move_id, current_location_id, museum_id) VALUES ('6f9db6a5-f994-4498-8ebc-c9ba75c51ce8', 23, '244f09a3-eb1a-49e7-80ee-7a07baa016dd', 99);
INSERT INTO MUSARK_STORAGE.NEW_LOCAL_OBJECT (object_uuid, latest_move_id, current_location_id, museum_id) VALUES ('b17b8735-2350-4de9-b812-93753b1eeb8d', 23, '244f09a3-eb1a-49e7-80ee-7a07baa016dd', 99);
INSERT INTO MUSARK_STORAGE.NEW_LOCAL_OBJECT (object_uuid, latest_move_id, current_location_id, museum_id) VALUES ('215542d3-48c9-44af-a6ea-4c494da54fe0', 23, '244f09a3-eb1a-49e7-80ee-7a07baa016dd', 99);
INSERT INTO MUSARK_STORAGE.NEW_LOCAL_OBJECT (object_uuid, latest_move_id, current_location_id, museum_id) VALUES ('065b9812-0f22-4ba4-bac2-7d7cbc850dcc', 23, '244f09a3-eb1a-49e7-80ee-7a07baa016dd', 99);
INSERT INTO MUSARK_STORAGE.NEW_LOCAL_OBJECT (object_uuid, latest_move_id, current_location_id, museum_id) VALUES ('6ca2bf73-fa17-4d41-a8da-ab9f46a7494b', 23, '244f09a3-eb1a-49e7-80ee-7a07baa016dd', 99);
INSERT INTO MUSARK_STORAGE.NEW_LOCAL_OBJECT (object_uuid, latest_move_id, current_location_id, museum_id) VALUES ('21dadc0d-50ca-41ea-9b48-90fdec515148', 23, '244f09a3-eb1a-49e7-80ee-7a07baa016dd', 99);
INSERT INTO MUSARK_STORAGE.NEW_LOCAL_OBJECT (object_uuid, latest_move_id, current_location_id, museum_id) VALUES ('7b2e3bd6-b699-4671-bd50-1d964342f531', 23, '244f09a3-eb1a-49e7-80ee-7a07baa016dd', 99);
INSERT INTO MUSARK_STORAGE.NEW_LOCAL_OBJECT (object_uuid, latest_move_id, current_location_id, museum_id) VALUES ('40898454-069e-41c9-9551-946a1e693f59', 23, '244f09a3-eb1a-49e7-80ee-7a07baa016dd', 99);
INSERT INTO MUSARK_STORAGE.NEW_LOCAL_OBJECT (object_uuid, latest_move_id, current_location_id, museum_id) VALUES ('f56bd93f-49b6-4111-b6c8-bd84a14ea98e', 23, '244f09a3-eb1a-49e7-80ee-7a07baa016dd', 99);
INSERT INTO MUSARK_STORAGE.NEW_LOCAL_OBJECT (object_uuid, latest_move_id, current_location_id, museum_id) VALUES ('b71d3bd7-28e3-4790-b4f6-98664e2385ba', 23, '244f09a3-eb1a-49e7-80ee-7a07baa016dd', 99);
INSERT INTO MUSARK_STORAGE.NEW_LOCAL_OBJECT (object_uuid, latest_move_id, current_location_id, museum_id) VALUES ('6ee89241-a404-4086-b373-c42dd0a2e56a', 23, '244f09a3-eb1a-49e7-80ee-7a07baa016dd', 99);
INSERT INTO MUSARK_STORAGE.NEW_LOCAL_OBJECT (object_uuid, latest_move_id, current_location_id, museum_id) VALUES ('5f7f0b2b-f2eb-480d-816e-00b140705f2b', 23, '244f09a3-eb1a-49e7-80ee-7a07baa016dd', 99);
INSERT INTO MUSARK_STORAGE.NEW_LOCAL_OBJECT (object_uuid, latest_move_id, current_location_id, museum_id) VALUES ('bbf9a3de-9203-4e90-9b04-4475e4f7f749', 23, '244f09a3-eb1a-49e7-80ee-7a07baa016dd', 99);
INSERT INTO MUSARK_STORAGE.NEW_LOCAL_OBJECT (object_uuid, latest_move_id, current_location_id, museum_id) VALUES ('29339044-8696-4c76-9b3e-f153ae63d262', 23, '244f09a3-eb1a-49e7-80ee-7a07baa016dd', 99);
INSERT INTO MUSARK_STORAGE.NEW_LOCAL_OBJECT (object_uuid, latest_move_id, current_location_id, museum_id) VALUES ('7ae2521e-904c-432b-998c-bb09810310a9', 23, '244f09a3-eb1a-49e7-80ee-7a07baa016dd', 99);
INSERT INTO MUSARK_STORAGE.NEW_LOCAL_OBJECT (object_uuid, latest_move_id, current_location_id, museum_id) VALUES ('42b6a92e-de59-4fde-9c46-5c8794be0b34', 23, '244f09a3-eb1a-49e7-80ee-7a07baa016dd', 99);
INSERT INTO MUSARK_STORAGE.NEW_LOCAL_OBJECT (object_uuid, latest_move_id, current_location_id, museum_id) VALUES ('331d8174-dfdb-47ae-8dc0-5aa7be59fe09', 23, '6e5b9810-9bbf-464a-a0b9-c27f6095ba0c', 99);
INSERT INTO MUSARK_STORAGE.NEW_LOCAL_OBJECT (object_uuid, latest_move_id, current_location_id, museum_id) VALUES ('6e7b9387-5f89-4388-8bbb-7eb727e58f09', 23, '6e5b9810-9bbf-464a-a0b9-c27f6095ba0c', 99);
INSERT INTO MUSARK_STORAGE.NEW_LOCAL_OBJECT (object_uuid, latest_move_id, current_location_id, museum_id) VALUES ('2ce90a19-e190-4738-a344-42741f471cdc', 23, '6e5b9810-9bbf-464a-a0b9-c27f6095ba0c', 99);
INSERT INTO MUSARK_STORAGE.NEW_LOCAL_OBJECT (object_uuid, latest_move_id, current_location_id, museum_id) VALUES ('dcd37cb7-34ae-484e-a2c0-a1b1925e9b68', 23, '3562e09e-6cf4-4b27-acad-e655e771c016', 99);
INSERT INTO MUSARK_STORAGE.NEW_LOCAL_OBJECT (object_uuid, latest_move_id, current_location_id, museum_id) VALUES ('3fd8d3f9-ebb1-4447-8959-8e91ca2693fb', 23, '01134afe-b262-434b-a71f-8f697bc75e56', 99);
INSERT INTO MUSARK_STORAGE.NEW_LOCAL_OBJECT (object_uuid, latest_move_id, current_location_id, museum_id) VALUES ('564fade0-4a41-47cc-8c26-3b8f048aa191', 23, '01134afe-b262-434b-a71f-8f697bc75e56', 99);
INSERT INTO MUSARK_STORAGE.NEW_LOCAL_OBJECT (object_uuid, latest_move_id, current_location_id, museum_id) VALUES ('a738e36d-8683-44ac-9dda-67ff5a5851d5', 23, '01134afe-b262-434b-a71f-8f697bc75e56', 99);
INSERT INTO MUSARK_STORAGE.NEW_LOCAL_OBJECT (object_uuid, latest_move_id, current_location_id, museum_id, object_type) VALUES ('28cf7c75-66b2-4991-b871-d92baeec0049', 23, '01134afe-b262-434b-a71f-8f697bc75e56', 99, 'sample');

INSERT INTO MUSIT_MAPPING.THING_MATERIAL (collectionid, objectid, etn_materialtype, etn_material, etn_material_element, etn_matrid_local, ark_material, ark_spes_material, ark_sortering, ark_hid_local, num_material, num_numistypeid) VALUES (1, 3, '', '', '', '', 'tre', 'spes bjørk', 1, '', '', '');
INSERT INTO MUSIT_MAPPING.THING_MATERIAL (collectionid, objectid, etn_materialtype, etn_material, etn_material_element, etn_matrid_local, ark_material, ark_spes_material, ark_sortering, ark_hid_local, num_material, num_numistypeid) VALUES (1, 3, '', '', '', '', 'jern', 'spes rustet jern', 2, '', '', '');
INSERT INTO MUSIT_MAPPING.THING_MATERIAL (collectionid, objectid, etn_materialtype, etn_material, etn_material_element, etn_matrid_local, ark_material, ark_spes_material, ark_sortering, ark_hid_local, num_material, num_numistypeid) VALUES (2, 1, 'etno_matrtype', 'etno_matr', 'etn_matrelement', '', '', '', 1, '', '', '');
INSERT INTO MUSIT_MAPPING.THING_MATERIAL (collectionid, objectid, etn_materialtype, etn_material, etn_material_element, etn_matrid_local, ark_material, ark_spes_material, ark_sortering, ark_hid_local, num_material, num_numistypeid) VALUES (2, 1, 'etno_matrtype1', 'etno_matr1', 'etn_matrelement', '', '', '', 2, '', '', '');

INSERT INTO MUSIT_MAPPING.THING_LOCATION (collectionid, objectid, ark_gardsnavn, ark_gardsnr, ark_bruksnr, ark_stedid, nat_country, nat_state_province, nat_municipality, nat_locality, nat_coordinate, nat_coord_datum, nat_sone_band, etn_place, etn_country, etn_region1, etn_region2, etn_area, etn_local_stedid, etn_place_count) VALUES (1, 3, 'Berg', 10, '1-34', 55, '', '', '', '', '', '', '', '', '', '', '', '', '', 1);
INSERT INTO MUSIT_MAPPING.THING_LOCATION (collectionid, objectid, ark_gardsnavn, ark_gardsnr, ark_bruksnr, ark_stedid, nat_country, nat_state_province, nat_municipality, nat_locality, nat_coordinate, nat_coord_datum, nat_sone_band, etn_place, etn_country, etn_region1, etn_region2, etn_area, etn_local_stedid, etn_place_count) VALUES (1, 3, 'nedre Berg', 20, '45', 66, '', '', '', '', '', '', '', '', '', '', '', '', '', 1);
INSERT INTO MUSIT_MAPPING.THING_LOCATION (collectionid, objectid, ark_gardsnavn, ark_gardsnr, ark_bruksnr, ark_stedid, nat_country, nat_state_province, nat_municipality, nat_locality, nat_coordinate, nat_coord_datum, nat_sone_band, etn_place, etn_country, etn_region1, etn_region2, etn_area, etn_local_stedid, etn_place_count) VALUES (2, 55, '', '', '', '', '', '', '', '', '', '', '', 'Malmø C', 'Sverige', 'Skandinavia', 'Norden', 'Nord-Europa', 33, 1);
INSERT INTO MUSIT_MAPPING.THING_LOCATION (collectionid, objectid, ark_gardsnavn, ark_gardsnr, ark_bruksnr, ark_stedid, nat_country, nat_state_province, nat_municipality, nat_locality, nat_coordinate, nat_coord_datum, nat_sone_band, etn_place, etn_country, etn_region1, etn_region2, etn_area, etn_local_stedid, etn_place_count) VALUES (2, 55, '', '', '', '', '', '', '', '', '', '', '', 'Malmø N', 'Sverige', 'Skandinavia', 'Norden', 'Nord-Europa', 34, 1);

INSERT INTO MUSIT_MAPPING.THING_COORDINATE (collectionid, objectid, ark_projeksjon, ark_presisjon, ark_nord, ark_ost) VALUES (1, 3, 'EU89-UTM Sone 32', 'Stedsnavn (Gard)', ',6934625,', ',434096,');
INSERT INTO MUSIT_MAPPING.THING_COORDINATE (collectionid, objectid, ark_projeksjon, ark_presisjon, ark_nord, ark_ost) VALUES (1, 3, 'EU89-UTM Sone 32', 'Stedsnavn (lokalitet)', ',6934625,', ',434096,');
INSERT INTO MUSIT_MAPPING.THING_COORDINATE (collectionid, objectid, ark_projeksjon, ark_presisjon, ark_nord, ark_ost) VALUES (2, 55, 'EU89-UTM Sone 32', 'Funnsted', ',6934625,', ',434096,');

--------------------------------------------------------------------------------
-- CORE
--------------------------------------------------------------------------------
CREATE SCHEMA IF NOT EXISTS MUSARK_CORE;

CREATE TABLE MUSARK_CORE.ES_INDEX_STATUS (
  index_alias   VARCHAR2(255) NOT NULL,
  index_created TIMESTAMP     NOT NULL,
  index_updated TIMESTAMP,
  PRIMARY KEY (index_alias)
);

-------------------------------------------------------------------------------
-- CONSERVATION MODULE
--------------------------------------------------------------------------------
CREATE SCHEMA IF NOT EXISTS MUSARK_CONSERVATION;


CREATE TABLE MUSARK_CONSERVATION.EVENT (
  event_id        NUMBER(20) GENERATED BY DEFAULT AS IDENTITY,
  type_id         INTEGER      NOT NULL,
  museum_id       INTEGER      NOT NULL,
  done_by         VARCHAR2(512),
  done_date       TIMESTAMP,
  updated_date    TIMESTAMP,
  registered_by   VARCHAR2(36) NOT NULL,
  registered_date TIMESTAMP    NOT NULL,
  part_of         NUMBER(20),
  affected_uuid   VARCHAR2(36),
  note            VARCHAR2(500),
  case_number     VARCHAR2(1000),
  is_deleted      INTEGER,
  event_json      CLOB,
  PRIMARY KEY (event_id)
  --CONSTRAINT ensure_event_json CHECK (event_json IS JSON)
);


CREATE TABLE MUSARK_CONSERVATION.EVENT_TYPE (
  type_id                      INTEGER GENERATED BY DEFAULT AS IDENTITY,
  no_name                      VARCHAR2(100) NOT NULL,
  en_name                      VARCHAR2(100) NOT NULL,
  collections                  VARCHAR2(500), -- if empty then all collections, else value is ',uuid_1,uuid_2,uuid_9,'     LIKE '%,uuid_2,%'
  extra_description_type       VARCHAR2(50),
  extra_description_attributes CLOB,
  PRIMARY KEY (type_id)
);

CREATE TABLE MUSARK_CONSERVATION.OBJECT_EVENT(
object_uuid varchar2(36)NOT NULL,
event_id number(20) NOT NULL,
PRIMARY KEY (object_uuid,event_id)
);

CREATE TABLE MUSARK_CONSERVATION.EVENT_ACTOR_ROLE_DATE(
event_id  NUMBER(20)NOT NULL,
actor_id VARCHAR2(36) NOT NULL,
role_id INTEGER NOT NULL,
actor_role_date DATE,
PRIMARY KEY (event_id,actor_id,role_id)
);

CREATE TABLE MUSARK_CONSERVATION.TREATMENT_MATERIAL(
material_id INTEGER GENERATED BY DEFAULT AS IDENTITY,
no_material VARCHAR2(100),
en_material VARCHAR2(100),
PRIMARY KEY (material_id)
);

CREATE TABLE MUSARK_CONSERVATION.TREATMENT_KEYWORD(
keyword_id INTEGER GENERATED BY DEFAULT AS IDENTITY,
no_keyword VARCHAR2(100),
en_keyword VARCHAR2(100),
PRIMARY KEY (keyword_id)
);


CREATE TABLE MUSARK_CONSERVATION.ROLE(
role_id INTEGER GENERATED BY DEFAULT AS IDENTITY,
no_role VARCHAR2(100),
en_role VARCHAR2(100),
role_for VARCHAR2(50), // om det er rollen hendelse_aktør eller hendelse_gjenstand
PRIMARY KEY (role_id)
);


CREATE TABLE MUSARK_CONSERVATION.CONDITION_CODE(
condition_code INTEGER NOT NULL,
no_condition VARCHAR2(100),
en_condition VARCHAR2(100),
PRIMARY KEY (condition_code)
);


CREATE TABLE MUSARK_CONSERVATION.EVENT_DOCUMENT(
event_id  NUMBER(20) NOT NULL,
file_id UUID NOT NULL,
PRIMARY KEY (event_id,file_id)
);

-- INSERTING EVENT ROLES/ CONSERVATION ACTOR ROLE DATE
INSERT INTO MUSARK_CONSERVATION.ROLE(no_role, en_role,role_for) VALUES ('Utført av', 'Done by', 'actor');
INSERT INTO MUSARK_CONSERVATION.ROLE(no_role, en_role,role_for) VALUES ('Deltatt i', 'Participated in','actor');


-- INSERTING EVENT TYPES / CONSERVATION TYPES
INSERT INTO MUSARK_CONSERVATION.EVENT_TYPE (no_name, en_name, collections, extra_description_attributes, extra_description_type) VALUES ('konserveringsprosess', 'conservation process', 'ba3d4d30-810b-4c07-81b3-37751f2196f0', NULL, NULL);
INSERT INTO MUSARK_CONSERVATION.EVENT_TYPE (no_name, en_name, collections, extra_description_type, extra_description_attributes) VALUES ('behandling', 'treatment', 'ba3d4d30-810b-4c07-81b3-37751f2196f0', NULL, NULL);
INSERT INTO MUSARK_CONSERVATION.EVENT_TYPE (no_name, en_name, collections, extra_description_type, extra_description_attributes) VALUES ('teknisk beskrivelse', 'technical description', 'ba3d4d30-810b-4c07-81b3-37751f2196f0', NULL, NULL);
INSERT INTO MUSARK_CONSERVATION.EVENT_TYPE (no_name, en_name, collections, extra_description_type, extra_description_attributes) VALUES ('oppbevaring og håndtering', 'Storage and handling', 'ba3d4d30-810b-4c07-81b3-37751f2196f0', NULL, NULL);
INSERT INTO MUSARK_CONSERVATION.EVENT_TYPE (no_name, en_name, collections, extra_description_type, extra_description_attributes) VALUES ('HMS-risikoangivelse', 'HSE risk assessment', 'ba3d4d30-810b-4c07-81b3-37751f2196f0', NULL, NULL);
INSERT INTO MUSARK_CONSERVATION.EVENT_TYPE (no_name, en_name, collections, extra_description_type, extra_description_attributes) VALUES ('tilstandsvurdering', 'condition assessment', 'ba3d4d30-810b-4c07-81b3-37751f2196f0', NULL, NULL);
INSERT INTO MUSARK_CONSERVATION.EVENT_TYPE (no_name, en_name, collections, extra_description_type, extra_description_attributes) VALUES ('rapport', 'report', 'ba3d4d30-810b-4c07-81b3-37751f2196f0', NULL, NULL);
-- INSERTING TREATMENT MATERIALS
INSERT INTO MUSARK_CONSERVATION.TREATMENT_MATERIAL(material_id, no_material, en_material) VALUES(1,'Sitronsyre','Sitronsyre');
INSERT INTO MUSARK_CONSERVATION.TREATMENT_MATERIAL(material_id, no_material, en_material) VALUES(2,'Klucel EF','Klucel EF');
INSERT INTO MUSARK_CONSERVATION.TREATMENT_MATERIAL(material_id, no_material, en_material) VALUES(3,'Klucel G','Klucel G');
INSERT INTO MUSARK_CONSERVATION.TREATMENT_MATERIAL(material_id, no_material, en_material) VALUES(4,'Lascaux Medium for konsolidering','Lascaux Medium for konsolidering');
INSERT INTO MUSARK_CONSERVATION.TREATMENT_MATERIAL(material_id, no_material, en_material) VALUES(5,'Aceton','Aceton');
INSERT INTO MUSARK_CONSERVATION.TREATMENT_MATERIAL(material_id, no_material, en_material) VALUES(6,'Rochelle salt','Rochelle salt');
INSERT INTO MUSARK_CONSERVATION.TREATMENT_MATERIAL(material_id, no_material, en_material) VALUES(7,'Aluminiumsoksid','Aluminiumsoksid');
INSERT INTO MUSARK_CONSERVATION.TREATMENT_MATERIAL(material_id, no_material, en_material) VALUES(8,'Ammoniakk','Ammoniakk');
INSERT INTO MUSARK_CONSERVATION.TREATMENT_MATERIAL(material_id, no_material, en_material) VALUES(9,'Ammoniumhydroksid','Ammoniumhydroksid');
INSERT INTO MUSARK_CONSERVATION.TREATMENT_MATERIAL(material_id, no_material, en_material) VALUES(10,'Benzen','Benzen');
INSERT INTO MUSARK_CONSERVATION.TREATMENT_MATERIAL(material_id, no_material, en_material) VALUES(11,'Benzotriasol (BTA)','Benzotriasol (BTA)');
INSERT INTO MUSARK_CONSERVATION.TREATMENT_MATERIAL(material_id, no_material, en_material) VALUES(12,'Cellulosenitrat','Cellulosenitrat');
INSERT INTO MUSARK_CONSERVATION.TREATMENT_MATERIAL(material_id, no_material, en_material) VALUES(13,'Kolofonium','Kolofonium');
INSERT INTO MUSARK_CONSERVATION.TREATMENT_MATERIAL(material_id, no_material, en_material) VALUES(14,'Cyanoakrylat (superlim)','Cyanoakrylat (superlim)');
INSERT INTO MUSARK_CONSERVATION.TREATMENT_MATERIAL(material_id, no_material, en_material) VALUES(15,'Eddiksyre','Eddiksyre');
INSERT INTO MUSARK_CONSERVATION.TREATMENT_MATERIAL(material_id, no_material, en_material) VALUES(16,'EDTA-Na2','EDTA-Na2');
INSERT INTO MUSARK_CONSERVATION.TREATMENT_MATERIAL(material_id, no_material, en_material) VALUES(17,'EDTA','EDTA');
INSERT INTO MUSARK_CONSERVATION.TREATMENT_MATERIAL(material_id, no_material, en_material) VALUES(18,'Epoxylim','Epoxylim');
INSERT INTO MUSARK_CONSERVATION.TREATMENT_MATERIAL(material_id, no_material, en_material) VALUES(19,'Etanol','Etanol');
INSERT INTO MUSARK_CONSERVATION.TREATMENT_MATERIAL(material_id, no_material, en_material) VALUES(20,'Smeltelim (EVA)','Smeltelim (EVA)');
INSERT INTO MUSARK_CONSERVATION.TREATMENT_MATERIAL(material_id, no_material, en_material) VALUES(21,'Fosforsyre','Fosforsyre');
INSERT INTO MUSARK_CONSERVATION.TREATMENT_MATERIAL(material_id, no_material, en_material) VALUES(22,'Gasil 23','Gasil 23');
INSERT INTO MUSARK_CONSERVATION.TREATMENT_MATERIAL(material_id, no_material, en_material) VALUES(23,'Gips','Gips');
INSERT INTO MUSARK_CONSERVATION.TREATMENT_MATERIAL(material_id, no_material, en_material) VALUES(24,'Glassfibervev','Glassfibervev');
INSERT INTO MUSARK_CONSERVATION.TREATMENT_MATERIAL(material_id, no_material, en_material) VALUES(25,'Glasspulver','Glasspulver');
INSERT INTO MUSARK_CONSERVATION.TREATMENT_MATERIAL(material_id, no_material, en_material) VALUES(26,'Glycerin','Glycerin');
INSERT INTO MUSARK_CONSERVATION.TREATMENT_MATERIAL(material_id, no_material, en_material) VALUES(27,'Hydrogenperoksid','Hydrogenperoksid');
INSERT INTO MUSARK_CONSERVATION.TREATMENT_MATERIAL(material_id, no_material, en_material) VALUES(28,'Incralac','Incralac');
INSERT INTO MUSARK_CONSERVATION.TREATMENT_MATERIAL(material_id, no_material, en_material) VALUES(29,'Isopropanol','Isopropanol');
INSERT INTO MUSARK_CONSERVATION.TREATMENT_MATERIAL(material_id, no_material, en_material) VALUES(30,'Japanpapir','Japanpapir');
INSERT INTO MUSARK_CONSERVATION.TREATMENT_MATERIAL(material_id, no_material, en_material) VALUES(31,'Lissapol N','Lissapol N');
INSERT INTO MUSARK_CONSERVATION.TREATMENT_MATERIAL(material_id, no_material, en_material) VALUES(32,'Maursyre','Maursyre');
INSERT INTO MUSARK_CONSERVATION.TREATMENT_MATERIAL(material_id, no_material, en_material) VALUES(33,'Mannitol','Mannitol');
INSERT INTO MUSARK_CONSERVATION.TREATMENT_MATERIAL(material_id, no_material, en_material) VALUES(34,'Mikrokrystallinsk voks','Mikrokrystallinsk voks');
INSERT INTO MUSARK_CONSERVATION.TREATMENT_MATERIAL(material_id, no_material, en_material) VALUES(35,'Natriumkarbonat','Natriumkarbonat');
INSERT INTO MUSARK_CONSERVATION.TREATMENT_MATERIAL(material_id, no_material, en_material) VALUES(36,'Natriumsitrat','Natriumsitrat');
INSERT INTO MUSARK_CONSERVATION.TREATMENT_MATERIAL(material_id, no_material, en_material) VALUES(37,'Natriumhydrogenkarbonat','Natriumhydrogenkarbonat');
INSERT INTO MUSARK_CONSERVATION.TREATMENT_MATERIAL(material_id, no_material, en_material) VALUES(38,'Natriumhydroksyd','Natriumhydroksyd');
INSERT INTO MUSARK_CONSERVATION.TREATMENT_MATERIAL(material_id, no_material, en_material) VALUES(39,'Paraloid B72','Paraloid B72');
INSERT INTO MUSARK_CONSERVATION.TREATMENT_MATERIAL(material_id, no_material, en_material) VALUES(40,'PEG høymolekylær (fast)','PEG høymolekylær (fast)');
INSERT INTO MUSARK_CONSERVATION.TREATMENT_MATERIAL(material_id, no_material, en_material) VALUES(41,'Petroleumsether kpkt 60-80 grader','Petroleumsether kpkt 60-80 grader');
INSERT INTO MUSARK_CONSERVATION.TREATMENT_MATERIAL(material_id, no_material, en_material) VALUES(42,'Plextol B500','Plextol B500');
INSERT INTO MUSARK_CONSERVATION.TREATMENT_MATERIAL(material_id, no_material, en_material) VALUES(43,'Polyolefin','Polyolefin');
INSERT INTO MUSARK_CONSERVATION.TREATMENT_MATERIAL(material_id, no_material, en_material) VALUES(44,'Polyvinylacetat','Polyvinylacetat');
INSERT INTO MUSARK_CONSERVATION.TREATMENT_MATERIAL(material_id, no_material, en_material) VALUES(45,'Primal WS24','Primal WS24');
INSERT INTO MUSARK_CONSERVATION.TREATMENT_MATERIAL(material_id, no_material, en_material) VALUES(46,'Salpetersyre','Salpetersyre');
INSERT INTO MUSARK_CONSERVATION.TREATMENT_MATERIAL(material_id, no_material, en_material) VALUES(47,'Saltsyre','Saltsyre');
INSERT INTO MUSARK_CONSERVATION.TREATMENT_MATERIAL(material_id, no_material, en_material) VALUES(48,'Skjellakk','Skjellakk');
INSERT INTO MUSARK_CONSERVATION.TREATMENT_MATERIAL(material_id, no_material, en_material) VALUES(49,'Silikagel','Silikagel');
INSERT INTO MUSARK_CONSERVATION.TREATMENT_MATERIAL(material_id, no_material, en_material) VALUES(50,'Silikonfett','Silikonfett');
INSERT INTO MUSARK_CONSERVATION.TREATMENT_MATERIAL(material_id, no_material, en_material) VALUES(51,'Silikongummi','Silikongummi');
INSERT INTO MUSARK_CONSERVATION.TREATMENT_MATERIAL(material_id, no_material, en_material) VALUES(52,'Silver Polish Wadding','Silver Polish Wadding');
INSERT INTO MUSARK_CONSERVATION.TREATMENT_MATERIAL(material_id, no_material, en_material) VALUES(53,'Sølvnitrat','Sølvnitrat');
INSERT INTO MUSARK_CONSERVATION.TREATMENT_MATERIAL(material_id, no_material, en_material) VALUES(54,'Sorbitol','Sorbitol');
INSERT INTO MUSARK_CONSERVATION.TREATMENT_MATERIAL(material_id, no_material, en_material) VALUES(55,'Størlim','Størlim');
INSERT INTO MUSARK_CONSERVATION.TREATMENT_MATERIAL(material_id, no_material, en_material) VALUES(56,'Svovelsyre','Svovelsyre');
INSERT INTO MUSARK_CONSERVATION.TREATMENT_MATERIAL(material_id, no_material, en_material) VALUES(57,'Synocryl 9122x','Synocryl 9122x');
INSERT INTO MUSARK_CONSERVATION.TREATMENT_MATERIAL(material_id, no_material, en_material) VALUES(58,'Tannin syre','Tannin syre');
INSERT INTO MUSARK_CONSERVATION.TREATMENT_MATERIAL(material_id, no_material, en_material) VALUES(59,'Terpentin','Terpentin');
INSERT INTO MUSARK_CONSERVATION.TREATMENT_MATERIAL(material_id, no_material, en_material) VALUES(60,'Tiourea','Tiourea');
INSERT INTO MUSARK_CONSERVATION.TREATMENT_MATERIAL(material_id, no_material, en_material) VALUES(61,'Toluen','Toluen');
INSERT INTO MUSARK_CONSERVATION.TREATMENT_MATERIAL(material_id, no_material, en_material) VALUES(62,'White spirit','White spirit');
INSERT INTO MUSARK_CONSERVATION.TREATMENT_MATERIAL(material_id, no_material, en_material) VALUES(63,'White spirit, lavaromatisk','White spirit, lavaromatisk');
INSERT INTO MUSARK_CONSERVATION.TREATMENT_MATERIAL(material_id, no_material, en_material) VALUES(64,'Vann','Vann');
INSERT INTO MUSARK_CONSERVATION.TREATMENT_MATERIAL(material_id, no_material, en_material) VALUES(65,'Vann (destillert)','Vann (destillert)');
INSERT INTO MUSARK_CONSERVATION.TREATMENT_MATERIAL(material_id, no_material, en_material) VALUES(66,'Vann (avionisert)','Vann (avionisert)');
INSERT INTO MUSARK_CONSERVATION.TREATMENT_MATERIAL(material_id, no_material, en_material) VALUES(67,'Xylen','Xylen');
INSERT INTO MUSARK_CONSERVATION.TREATMENT_MATERIAL(material_id, no_material, en_material) VALUES(68,'PEG lavmoelkylær (flytende)','PEG lavmoelkylær (flytende)');
INSERT INTO MUSARK_CONSERVATION.TREATMENT_MATERIAL(material_id, no_material, en_material) VALUES(69,'Paraloid B44','Paraloid B44');
INSERT INTO MUSARK_CONSERVATION.TREATMENT_MATERIAL(material_id, no_material, en_material) VALUES(70,'Paraloid B 67','Paraloid B 67');
INSERT INTO MUSARK_CONSERVATION.TREATMENT_MATERIAL(material_id, no_material, en_material) VALUES(71,'Technovit 5071','Technovit 5071');
INSERT INTO MUSARK_CONSERVATION.TREATMENT_MATERIAL(material_id, no_material, en_material) VALUES(72,'Natriumsulfitt','Natriumsulfitt');
INSERT INTO MUSARK_CONSERVATION.TREATMENT_MATERIAL(material_id, no_material, en_material) VALUES(73,'Valnøttskall','Valnøttskall');


-- INSERTING TREATMENT KEYWORDS
INSERT INTO MUSARK_CONSERVATION.TREATMENT_KEYWORD(keyword_id, no_keyword, en_keyword) VALUES(1,'Støvsuget','Støvsuget');
INSERT INTO MUSARK_CONSERVATION.TREATMENT_KEYWORD(keyword_id, no_keyword, en_keyword) VALUES(2,'Børstet','Børstet');
INSERT INTO MUSARK_CONSERVATION.TREATMENT_KEYWORD(keyword_id, no_keyword, en_keyword) VALUES(3,'Kjemisk rensing','Kjemisk rensing');
INSERT INTO MUSARK_CONSERVATION.TREATMENT_KEYWORD(keyword_id, no_keyword, en_keyword) VALUES(4,'Mekanisk rensing','Mekanisk rensing');
INSERT INTO MUSARK_CONSERVATION.TREATMENT_KEYWORD(keyword_id, no_keyword, en_keyword) VALUES(5,'Utvasking','Utvasking');
INSERT INTO MUSARK_CONSERVATION.TREATMENT_KEYWORD(keyword_id, no_keyword, en_keyword) VALUES(6,'Sandblåst','Sandblåst');
INSERT INTO MUSARK_CONSERVATION.TREATMENT_KEYWORD(keyword_id, no_keyword, en_keyword) VALUES(7,'Limt','Limt');
INSERT INTO MUSARK_CONSERVATION.TREATMENT_KEYWORD(keyword_id, no_keyword, en_keyword) VALUES(8,'Impregnert','Impregnert');
INSERT INTO MUSARK_CONSERVATION.TREATMENT_KEYWORD(keyword_id, no_keyword, en_keyword) VALUES(9,'Konsolidert','Konsolidert');
INSERT INTO MUSARK_CONSERVATION.TREATMENT_KEYWORD(keyword_id, no_keyword, en_keyword) VALUES(10,'Frysetørket','Frysetørket');
INSERT INTO MUSARK_CONSERVATION.TREATMENT_KEYWORD(keyword_id, no_keyword, en_keyword) VALUES(11,'Retusjert','Retusjert');
INSERT INTO MUSARK_CONSERVATION.TREATMENT_KEYWORD(keyword_id, no_keyword, en_keyword) VALUES(12,'Pakket','Pakket');
INSERT INTO MUSARK_CONSERVATION.TREATMENT_KEYWORD(keyword_id, no_keyword, en_keyword) VALUES(13,'Lufttørket','Lufttørket');
INSERT INTO MUSARK_CONSERVATION.TREATMENT_KEYWORD(keyword_id, no_keyword, en_keyword) VALUES(14,'Slipt (maskinelt)','Slipt (maskinelt)');
INSERT INTO MUSARK_CONSERVATION.TREATMENT_KEYWORD(keyword_id, no_keyword, en_keyword) VALUES(15,'Avstøpning','Avstøpning');
INSERT INTO MUSARK_CONSERVATION.TREATMENT_KEYWORD(keyword_id, no_keyword, en_keyword) VALUES(16,'Lakkert','Lakkert');


INSERT INTO MUSARK_CONSERVATION.CONDITION_CODE(condition_code,no_condition, en_condition) VALUES(0,'svært god','very good');
INSERT INTO MUSARK_CONSERVATION.CONDITION_CODE(condition_code,no_condition, en_condition) VALUES(1,'god','good');
INSERT INTO MUSARK_CONSERVATION.CONDITION_CODE(condition_code,no_condition, en_condition) VALUES(2,'mindre god','less good');
INSERT INTO MUSARK_CONSERVATION.CONDITION_CODE(condition_code,no_condition, en_condition) VALUES(3,'dårlig/kritisk','badly/critical');
